[
  {
    "id": 1,
    "name": "上海海烟物流发展有限公司",
    "address": "上海市长宁区北翟路772－780号",
    "location": "121.364898,31.224920",
    "township": "北新泾街道"
  },
  {
    "id": 2,
    "name": "汉海信息技术（上海）有限公司",
    "address": "上海市长宁区安化路492号4幢2楼C201室",
    "location": "121.420332,31.215310",
    "township": "华阳路街道"
  },
  {
    "id": 3,
    "name": "上海寻梦信息技术有限公司",
    "address": "上海市长宁区娄山关路533号2902-2913室",
    "location": "121.402674,31.208994",
    "township": "天山路街道"
  },
  {
    "id": 4,
    "name": "携程旅游网络技术（上海）有限公司",
    "address": "上海市长宁区金钟路968号12号楼801室",
    "location": "121.351781,31.222302",
    "township": "新泾镇"
  },
  {
    "id": 5,
    "name": "上海分众软件技术有限公司",
    "address": "上海市长宁区江苏路369号27楼C座",
    "location": "121.431590,31.218973",
    "township": "江苏路街道"
  },
  {
    "id": 6,
    "name": "爱特思电子商务（上海）有限公司",
    "address": "上海市长宁区凯旋路399号1幢29楼01单元",
    "location": "121.416019,31.215680",
    "township": "周家桥街道"
  },
  {
    "id": 7,
    "name": "百视通网络电视技术发展有限责任公司",
    "address": "上海市长宁区长宁路1027号1008E座",
    "location": "121.417920,31.217560",
    "township": "华阳路街道"
  },
  {
    "id": 8,
    "name": "广派商业（上海）有限公司",
    "address": "上海市长宁区虹梅路3717弄36号122室",
    "location": "121.383460,31.191002",
    "township": "程家桥街道"
  },
  {
    "id": 9,
    "name": "上海分泽时代软件技术有限公司",
    "address": "上海市长宁区江苏路369号26楼A座",
    "location": "121.431590,31.218973",
    "township": "江苏路街道"
  },
  {
    "id": 10,
    "name": "分众多媒体技术（上海）有限公司",
    "address": "上海市长宁区长宁路1027号1003室E座",
    "location": "121.417920,31.217560",
    "township": "华阳路街道"
  },
  {
    "id": 11,
    "name": "上海博辕信息技术服务有限公司",
    "address": "上海市长宁区临虹路168弄3号楼301室",
    "location": "121.351027,31.232386",
    "township": "新泾镇"
  },
  {
    "id": 12,
    "name": "戴尔（中国）有限公司上海分公司",
    "address": "上海市长宁区长宁路999号501室",
    "location": "121.417880,31.217650",
    "township": "华阳路街道"
  },
  {
    "id": 13,
    "name": "上海路团科技有限公司",
    "address": "上海市长宁区安化路492号C座（4幢）113室",
    "location": "121.420340,31.215290",
    "township": "华阳路街道"
  },
  {
    "id": 14,
    "name": "上海神州数码有限公司",
    "address": "上海市长宁区福泉路111号",
    "location": "121.357569,31.217635",
    "township": "新泾镇"
  },
  {
    "id": 15,
    "name": "上海久舜网络科技有限公司",
    "address": "上海市长宁区武定西路1371弄39号1幢二、三层",
    "location": "121.432116,31.223798",
    "township": "江苏路街道"
  },
  {
    "id": 16,
    "name": "开店宝支付服务有限公司",
    "address": "上海市长宁区伊犁路152号2幢201－203室",
    "location": "121.408410,31.202320",
    "township": "虹桥街道"
  },
  {
    "id": 17,
    "name": "上海兰卫医学检验所股份有限公司",
    "address": "上海市长宁区临新路268弄1号楼6、7、8、9层",
    "location": "121.350459,31.233481",
    "township": "新泾镇"
  },
  {
    "id": 18,
    "name": "上海顺途科技有限公司",
    "address": "上海市长宁区金钟路968号12号楼307室",
    "location": "121.351781,31.222302",
    "township": "新泾镇"
  },
  {
    "id": 19,
    "name": "上海杨国福企业管理（集团）有限公司",
    "address": "上海市长宁区中山西路1065号1504-2室",
    "location": "121.415775,31.198137",
    "township": "虹桥街道"
  },
  {
    "id": 20,
    "name": "上海假面信息科技有限公司",
    "address": "上海市长宁区天山路600弄3号30楼C06室",
    "location": "121.396753,31.214003",
    "township": "天山路街道"
  },
  {
    "id": 21,
    "name": "上海春秋国际旅行社（集团）有限公司",
    "address": "上海市长宁区定西路1558号",
    "location": "121.421882,31.217984",
    "township": "华阳路街道"
  },
  {
    "id": 22,
    "name": "汤美费格（上海）服饰有限公司",
    "address": "上海市长宁区武夷路234号5幢全幢",
    "location": "121.426093,31.213273",
    "township": "华阳路街道"
  },
  {
    "id": 23,
    "name": "上海长宁区学而思进修学校",
    "address": "上海市长宁区天山路1825号四楼",
    "location": "121.410670,31.209480",
    "township": "天山路街道"
  },
  {
    "id": 24,
    "name": "明基电通有限公司",
    "address": "上海市长宁区淞虹路207号D栋1楼",
    "location": "121.359955,31.223040",
    "township": "新泾镇"
  },
  {
    "id": 25,
    "name": "上海和睦家医院有限公司",
    "address": "上海市长宁区仙霞路1111号",
    "location": "121.376320,31.209090",
    "township": "新泾镇"
  },
  {
    "id": 26,
    "name": "佳杰科技（上海）有限公司",
    "address": "上海市长宁区金钟路631弄2号5楼501室",
    "location": "121.359313,31.219338",
    "township": "新泾镇"
  },
  {
    "id": 27,
    "name": "芯讯通无线科技（上海）有限公司",
    "address": "上海市长宁区金钟路633号A楼201室",
    "location": "121.359890,31.220051",
    "township": "新泾镇"
  },
  {
    "id": 28,
    "name": "杭州微米网络科技有限公司上海分公司",
    "address": "上海市长宁区娄山关路533号28楼",
    "location": "121.402674,31.208994",
    "township": "天山路街道"
  },
  {
    "id": 29,
    "name": "新思科技（上海）有限公司",
    "address": "上海市长宁区长宁路1027号14－16楼",
    "location": "121.417920,31.217560",
    "township": "华阳路街道"
  },
  {
    "id": 30,
    "name": "欧普智慧照明科技有限公司",
    "address": "上海市长宁区虹桥路2272号C段501室S座",
    "location": "121.375565,31.191013",
    "township": "程家桥街道"
  },
  {
    "id": 31,
    "name": "上海万联盛世企业发展集团有限公司",
    "address": "上海市长宁区延安西路503号2号楼214室",
    "location": "121.437169,31.216151",
    "township": "江苏路街道"
  },
  {
    "id": 32,
    "name": "上海蔚兰动力科技有限公司",
    "address": "上海市长宁区宣化路3号2263室",
    "location": "121.430822,31.217710",
    "township": "江苏路街道"
  },
  {
    "id": 33,
    "name": "爱尔博（上海）医疗器械有限公司",
    "address": "上海市长宁区延安西路2201号3002室",
    "location": "121.403770,31.202189",
    "township": "虹桥街道"
  },
  {
    "id": 34,
    "name": "上海豹云网络信息服务有限公司",
    "address": "上海市长宁区茅台路179号一层L227X室",
    "location": "121.402965,31.209245",
    "township": "天山路街道"
  },
  {
    "id": 35,
    "name": "联邦快递（中国）有限公司上海分公司",
    "address": "上海市长宁区遵义路107号10楼",
    "location": "121.406510,31.206900",
    "township": "天山路街道"
  },
  {
    "id": 36,
    "name": "上海伊禾农产品科技发展股份有限公司",
    "address": "上海市长宁区仙霞路345号14D室",
    "location": "121.397950,31.206079",
    "township": "仙霞新村街道"
  },
  {
    "id": 37,
    "name": "麦考林电子商务（上海）有限公司",
    "address": "上海市长宁区广顺路33号B幢6层",
    "location": "121.354876,31.217215",
    "township": "新泾镇"
  },
  {
    "id": 38,
    "name": "挚享科技（上海）有限公司",
    "address": "上海市长宁区福泉路99号1幢1层M5室",
    "location": "121.357933,31.220113",
    "township": "新泾镇"
  },
  {
    "id": 39,
    "name": "上海音智达信息技术有限公司",
    "address": "上海市长宁区安西路100号1楼A座",
    "location": "121.425311,31.219261",
    "township": "江苏路街道"
  },
  {
    "id": 40,
    "name": "上海昂立优培教育培训有限公司",
    "address": "上海市长宁区水城路68号111、113、120、122、124室",
    "location": "121.391999,31.203166",
    "township": "仙霞新村街道"
  },
  {
    "id": 41,
    "name": "上海华氏大药房有限公司",
    "address": "上海市长宁区愚园路1435号二楼",
    "location": "121.421784,31.218913",
    "township": "江苏路街道"
  },
  {
    "id": 42,
    "name": "上海兰博卫医疗科技有限公司",
    "address": "上海市长宁区清池路76号1幢4楼东侧",
    "location": "121.367670,31.221620",
    "township": "北新泾街道"
  },
  {
    "id": 43,
    "name": "上海乐磐医疗科技有限公司",
    "address": "上海市长宁区协和路1033号A楼404室",
    "location": "121.354314,31.222788",
    "township": "新泾镇"
  },
  {
    "id": 44,
    "name": "星程酒店管理（上海）有限公司",
    "address": "上海市长宁区福泉路99号1楼",
    "location": "121.357715,31.220025",
    "township": "新泾镇"
  },
  {
    "id": 45,
    "name": "上海贝泰妮生物科技有限公司",
    "address": "上海市长宁区金钟路968号2号楼802室（实际楼层7层）",
    "location": "121.353676,31.221145",
    "township": "新泾镇"
  },
  {
    "id": 46,
    "name": "新突思电子科技（上海）有限公司",
    "address": "上海市长宁区娄山关路533号10楼",
    "location": "121.402674,31.208994",
    "township": "天山路街道"
  },
  {
    "id": 47,
    "name": "上海付费通信息服务有限公司",
    "address": "广中西路777弄12号3楼",
    "location": "121.438078,31.279474",
    "township": "彭浦镇"
  },
  {
    "id": 48,
    "name": "上海黄豆网络科技有限公司",
    "address": "上海市长宁区仙霞路350号10幢4楼410室",
    "location": "121.397726,31.205310",
    "township": "仙霞新村街道"
  },
  {
    "id": 49,
    "name": "上海强生出租汽车有限公司",
    "address": "上海市长宁区安西路37号501室",
    "location": "121.425749,31.220162",
    "township": "江苏路街道"
  },
  {
    "id": 50,
    "name": "上海香雪海国际贸易有限公司",
    "address": "上海市虹桥机场迎宾一路588号607室",
    "location": "121.349189,31.194946",
    "township": "程家桥街道"
  },
  {
    "id": 51,
    "name": "上海银联电子支付服务有限公司",
    "address": "上海市长宁区广顺路33号8幢156室",
    "location": "121.353379,31.216650",
    "township": "新泾镇"
  },
  {
    "id": 52,
    "name": "上海春秋旅行社有限公司",
    "address": "上海市长宁区定西路1558号",
    "location": "121.421882,31.217984",
    "township": "华阳路街道"
  },
  {
    "id": 53,
    "name": "上海威士顿信息技术股份有限公司",
    "address": "上海市长宁区长宁路999号643室",
    "location": "121.417880,31.217650",
    "township": "华阳路街道"
  },
  {
    "id": 54,
    "name": "上海瀚讯信息技术股份有限公司",
    "address": "上海市长宁区金钟路999号4幢601室",
    "location": "121.351260,31.219830",
    "township": "新泾镇"
  },
  {
    "id": 55,
    "name": "互诚信息技术（上海）有限公司",
    "address": "上海市长宁区镇宁路465弄161号3号楼144室",
    "location": "121.432901,31.222073",
    "township": "江苏路街道"
  },
  {
    "id": 56,
    "name": "深兰科技（上海）有限公司",
    "address": "上海市长宁区威宁路369号1001单元（实际楼层9楼）",
    "location": "121.384909,31.213993",
    "township": "新泾镇"
  },
  {
    "id": 57,
    "name": "欧西爱司物流（上海）有限公司",
    "address": "上海市长宁区绥宁路628号A单元",
    "location": "121.347070,31.215700",
    "township": "新泾镇"
  },
  {
    "id": 58,
    "name": "上海车音智能科技有限公司",
    "address": "上海市长宁区金钟路999号1幢9楼904-906室",
    "location": "121.351875,31.220250",
    "township": "新泾镇"
  },
  {
    "id": 59,
    "name": "胡桃街（上海）信息技术有限公司",
    "address": "上海市长宁区娄山关路533号2902室",
    "location": "121.402674,31.208994",
    "township": "天山路街道"
  },
  {
    "id": 60,
    "name": "灵迹软件服务（上海）有限公司",
    "address": "上海市长宁区江苏路369号18G室",
    "location": "121.431590,31.218973",
    "township": "江苏路街道"
  },
  {
    "id": 61,
    "name": "深圳市明源云科技有限公司上海分公司",
    "address": "上海市长宁区延安西路500号27层（实际楼层26层）",
    "location": "121.436168,31.217764",
    "township": "江苏路街道"
  },
  {
    "id": 62,
    "name": "上海树维信息科技有限公司",
    "address": "上海市长宁区虹桥路1157号557室",
    "location": "121.409222,31.197208",
    "township": "虹桥街道"
  },
  {
    "id": 63,
    "name": "上海易果电子商务有限公司",
    "address": "上海市长宁区金钟路999号3幢701室",
    "location": "121.351279,31.219775",
    "township": "新泾镇"
  },
  {
    "id": 64,
    "name": "上海分尚网络科技有限公司",
    "address": "上海市长宁区仙霞路350号3幢5107室",
    "location": "121.396973,31.205210",
    "township": "仙霞新村街道"
  },
  {
    "id": 65,
    "name": "上海乐麦网络科技有限公司",
    "address": "上海市长宁区愚园路1258号1705、1706室",
    "location": "121.425630,31.219050",
    "township": "江苏路街道"
  },
  {
    "id": 66,
    "name": "上海中电电子系统科技股份有限公司",
    "address": "上海市长宁区宣化路3号2242室",
    "location": "121.430822,31.217710",
    "township": "江苏路街道"
  },
  {
    "id": 67,
    "name": "上海昆联数码科技有限公司",
    "address": "上海市长宁区中山西路930号401、402、403、404室",
    "location": "121.412656,31.200447",
    "township": "虹桥街道"
  },
  {
    "id": 68,
    "name": "威达高科技控股有限公司",
    "address": "上海市长宁区延安西路895号25层25A室",
    "location": "121.432025,31.214606",
    "township": "江苏路街道"
  },
  {
    "id": 69,
    "name": "埃森哲信息技术（大连）有限公司上海分公司",
    "address": "上海市长宁区长宁路1027号2605-2608室",
    "location": "121.417920,31.217560",
    "township": "华阳路街道"
  },
  {
    "id": 70,
    "name": "上海云象供应链管理有限公司",
    "address": "上海市长宁区金钟路999号3幢508室",
    "location": "121.351279,31.219775",
    "township": "新泾镇"
  },
  {
    "id": 71,
    "name": "互程（上海）网络技术有限公司",
    "address": "上海市长宁区福泉路99号1幢6楼M区",
    "location": "121.357933,31.220113",
    "township": "新泾镇"
  },
  {
    "id": 72,
    "name": "希姆通信息技术（上海）有限公司",
    "address": "上海市长宁区金钟路633号1幢6层",
    "location": "121.359012,31.220307",
    "township": "新泾镇"
  },
  {
    "id": 73,
    "name": "上海交大海外教育培训有限公司",
    "address": "上海市长宁区法华镇路535号南楼501-506室",
    "location": "121.434356,31.199789",
    "township": "徐家汇街道"
  },
  {
    "id": 74,
    "name": "泰为信息科技（上海）有限公司",
    "address": "上海市长宁区娄山关路523号30楼3001室",
    "location": "121.402962,31.208698",
    "township": "天山路街道"
  },
  {
    "id": 75,
    "name": "上海文洋科技发展有限公司",
    "address": "上海市长宁区天山西路789号2396室",
    "location": "121.355668,31.217657",
    "township": "新泾镇"
  },
  {
    "id": 76,
    "name": "优集计算机信息技术（上海）有限公司",
    "address": "上海市长宁区定西路650号6229室",
    "location": "121.424013,31.206073",
    "township": "新华路街道"
  },
  {
    "id": 77,
    "name": "驿程（上海）数据处理有限公司",
    "address": "上海市长宁区福泉路99号1幢6楼N区",
    "location": "121.357933,31.220113",
    "township": "新泾镇"
  },
  {
    "id": 78,
    "name": "上海艺赛旗软件股份有限公司",
    "address": "上海市长宁区广顺路33号8幢1层1706室",
    "location": "121.353379,31.216650",
    "township": "新泾镇"
  },
  {
    "id": 79,
    "name": "上海长宁苏宁新宁商贸有限公司",
    "address": "上海市长宁区长宁路999号101-1、201-1、301-1",
    "location": "121.417880,31.217650",
    "township": "华阳路街道"
  },
  {
    "id": 80,
    "name": "上海弘阳电子商务有限公司",
    "address": "上海市长宁区娄山关路533号27楼2701-2713室",
    "location": "121.402674,31.208994",
    "township": "天山路街道"
  },
  {
    "id": 81,
    "name": "菱感电子商务（上海）有限公司",
    "address": "上海市长宁区通协路268号503、504室（名义室号A603、A605室）",
    "location": "121.355284,31.226756",
    "township": "新泾镇"
  },
  {
    "id": 82,
    "name": "奇目医疗器械贸易（上海）有限公司",
    "address": "上海市长宁区娄山关路83号第29层2902、2903、2904、2905、2906室",
    "location": "121.402430,31.204097",
    "township": "虹桥街道"
  },
  {
    "id": 83,
    "name": "美舒医疗器械贸易（上海）有限公司",
    "address": "上海市长宁区虹桥路1438号1幢5F502-56室（实际楼层4楼）",
    "location": "121.402971,31.197594",
    "township": "虹桥街道"
  },
  {
    "id": 84,
    "name": "上海携程资产管理有限公司",
    "address": "上海市长宁区金钟路999号2幢1层01-3单元",
    "location": "121.351110,31.220421",
    "township": "新泾镇"
  },
  {
    "id": 85,
    "name": "神州通誉软件（上海）股份有限公司",
    "address": "上海市长宁区福泉路111号2楼",
    "location": "121.357569,31.217635",
    "township": "新泾镇"
  },
  {
    "id": 86,
    "name": "上海南洋昂立教育培训有限公司",
    "address": "上海市长宁区仙霞西路88号3102B室",
    "location": "121.369693,31.209165",
    "township": "新泾镇"
  },
  {
    "id": 87,
    "name": "上海墨灿网络科技有限公司",
    "address": "上海市长宁区愚园路1258号2001室",
    "location": "121.425630,31.219050",
    "township": "江苏路街道"
  },
  {
    "id": 88,
    "name": "江苏满运物流信息有限公司上海分公司",
    "address": "上海市长宁区广顺路33号8幢3144室",
    "location": "121.353379,31.216650",
    "township": "新泾镇"
  },
  {
    "id": 89,
    "name": "上海华势信息科技有限公司",
    "address": "上海市长宁区天山路600弄1号1807-4室",
    "location": "121.396632,31.213177",
    "township": "天山路街道"
  },
  {
    "id": 90,
    "name": "唯存（上海）网络科技有限公司",
    "address": "上海市长宁区定西路1110号12幢南半幢108室",
    "location": "121.423000,31.212167",
    "township": "华阳路街道"
  },
  {
    "id": 91,
    "name": "上海艺星医疗美容医院有限公司",
    "address": "上海市长宁区虹桥路1165号1－4层",
    "location": "121.407919,31.197585",
    "township": "虹桥街道"
  },
  {
    "id": 92,
    "name": "上海科捷物流有限公司",
    "address": "上海市长宁区福泉路111号1幢401室B区",
    "location": "121.357486,31.217887",
    "township": "新泾镇"
  },
  {
    "id": 93,
    "name": "上海谦米教育科技有限公司",
    "address": "上海市长宁区长宁路88号12层1201-1211室",
    "location": "121.426984,31.228665",
    "township": "华阳路街道"
  },
  {
    "id": 94,
    "name": "上海索电数码科技有限公司",
    "address": "上海市长宁区昭化路51号A－301室",
    "location": "121.424912,31.211940",
    "township": "华阳路街道"
  },
  {
    "id": 95,
    "name": "神州数码系统集成服务有限公司上海分公司",
    "address": "上海市长宁区福泉路111号1幢301室B区",
    "location": "121.357486,31.217887",
    "township": "新泾镇"
  },
  {
    "id": 96,
    "name": "上海泓智信息科技有限公司",
    "address": "上海市长宁区天山路8号402室",
    "location": "121.377770,31.216530",
    "township": "北新泾街道"
  },
  {
    "id": 97,
    "name": "阿里巴巴（中国）网络技术有限公司上海分公司",
    "address": "上海市长宁区延安西路2299号10E10",
    "location": "121.402221,31.202805",
    "township": "虹桥街道"
  },
  {
    "id": 98,
    "name": "上海秦汉胡同教育培训有限公司",
    "address": "上海市长宁区天山路334号101室",
    "location": "121.386992,31.215353",
    "township": "周家桥街道"
  },
  {
    "id": 99,
    "name": "浩德科技股份有限公司",
    "address": "上海市长宁区协和路1158号217-5室",
    "location": "121.354498,31.224229",
    "township": "新泾镇"
  },
  {
    "id": 100,
    "name": "上海慧谷白猫科技园有限公司",
    "address": "上海市长宁区天山路641号",
    "location": "121.395083,31.212794",
    "township": "仙霞新村街道"
  },
  {
    "id": 101,
    "name": "上海铭光多媒体通信科技发展有限公司",
    "address": "上海市长宁区昭化路51号",
    "location": "121.424912,31.211940",
    "township": "华阳路街道"
  },
  {
    "id": 102,
    "name": "飞程（上海）旅游用品贸易有限公司",
    "address": "上海市长宁区福泉路99号1幢6楼K区",
    "location": "121.357933,31.220113",
    "township": "新泾镇"
  },
  {
    "id": 103,
    "name": "傲程信息技术（上海）有限公司",
    "address": "上海市长宁区福泉路99号1幢6楼L区",
    "location": "121.357933,31.220113",
    "township": "新泾镇"
  },
  {
    "id": 104,
    "name": "上海卓赞教育科技有限公司",
    "address": "上海市长宁区天山西路567号8楼E单元",
    "location": "121.356728,31.217694",
    "township": "新泾镇"
  },
  {
    "id": 105,
    "name": "上海果通通信科技股份有限公司",
    "address": "上海市长宁区天山路600弄1号1805室-7",
    "location": "121.396632,31.213177",
    "township": "天山路街道"
  },
  {
    "id": 106,
    "name": "百厉（上海）多媒体科技有限公司",
    "address": "上海市静安区南京西路1788号9层03单元921室",
    "location": "121.443748,31.222705",
    "township": "静安寺街道"
  },
  {
    "id": 107,
    "name": "上海云思智慧信息技术有限公司",
    "address": "上海市长宁区仙霞路579弄38号第二幢101室",
    "location": "121.389030,31.208265",
    "township": "仙霞新村街道"
  },
  {
    "id": 108,
    "name": "励德爱思唯尔信息技术（北京）有限公司上海分公司",
    "address": "上海市长宁区天山西路567号5楼（实际楼层4楼）A-1室",
    "location": "121.351969,31.222550",
    "township": "新泾镇"
  },
  {
    "id": 109,
    "name": "上海红星美凯龙悦家互联网科技有限公司",
    "address": "上海市长宁区广顺路33号8幢1层1485室",
    "location": "121.353379,31.216650",
    "township": "新泾镇"
  },
  {
    "id": 110,
    "name": "盟图（上海）数字科技有限公司",
    "address": "上海市长宁区定西路759号4幢1层",
    "location": "121.423849,31.207870",
    "township": "新华路街道"
  },
  {
    "id": 111,
    "name": "晨讯科技（上海）有限公司",
    "address": "上海市长宁区金钟路633号1幢3层",
    "location": "121.359012,31.220307",
    "township": "新泾镇"
  },
  {
    "id": 112,
    "name": "上海新晨信息集成系统有限公司",
    "address": "上海市长宁区天山路641号3号楼306A室",
    "location": "121.394543,31.212031",
    "township": "仙霞新村街道"
  },
  {
    "id": 113,
    "name": "百脑通数码科技（上海）有限公司",
    "address": "上海市长宁区凯旋路1010号综合楼一楼101室",
    "location": "121.417724,31.208105",
    "township": "新华路街道"
  },
  {
    "id": 114,
    "name": "北京猫眼文化传媒有限公司上海分公司",
    "address": "上海市长宁区安化路492号A座(1幢)7楼702室",
    "location": "121.420342,31.215258",
    "township": "华阳路街道"
  },
  {
    "id": 115,
    "name": "上海三快智送科技有限公司",
    "address": "上海市长宁区安化路492号A座（1幢）3楼302室",
    "location": "121.420342,31.215258",
    "township": "华阳路街道"
  },
  {
    "id": 116,
    "name": "上海禾康医药科技有限公司",
    "address": "上海市长宁区东诸安浜165弄29号5层504室",
    "location": "121.424624,31.220367",
    "township": "江苏路街道"
  },
  {
    "id": 117,
    "name": "上海金贝摄影器材实业有限公司",
    "address": "上海市长宁区定西路788号707、708室",
    "location": "121.423922,31.209129",
    "township": "新华路街道"
  },
  {
    "id": 118,
    "name": "上海克来沃美的暖通设备有限公司",
    "address": "上海市长宁区金钟路633号1幢5层511室",
    "location": "121.359012,31.220307",
    "township": "新泾镇"
  },
  {
    "id": 119,
    "name": "上海软中信息技术有限公司",
    "address": "上海市长宁区仙霞路350号3号楼4306室",
    "location": "121.396973,31.205210",
    "township": "仙霞新村街道"
  },
  {
    "id": 120,
    "name": "上海爱尔眼科医院有限公司",
    "address": "上海市长宁区虹桥路1286号9号楼",
    "location": "121.413061,31.195852",
    "township": "虹桥街道"
  },
  {
    "id": 121,
    "name": "上海房盟信息技术有限公司",
    "address": "上海市长宁区广顺路33号8幢365室",
    "location": "121.353379,31.216650",
    "township": "新泾镇"
  },
  {
    "id": 122,
    "name": "上海工程技术大学科技园发展有限公司",
    "address": "上海市长宁区仙霞路350号",
    "location": "121.396876,31.205738",
    "township": "仙霞新村街道"
  },
  {
    "id": 123,
    "name": "上海艾舜杰信息科技有限公司",
    "address": "上海市长宁区延安西路1289弄10号3幢701室",
    "location": "121.426512,31.211603",
    "township": "华阳路街道"
  },
  {
    "id": 124,
    "name": "上海中纺美缘影像有限公司",
    "address": "上海市长宁区安顺路139弄2号702室",
    "location": "121.420004,31.201922",
    "township": "新华路街道"
  },
  {
    "id": 125,
    "name": "科比德（上海）软件技术有限公司",
    "address": "上海市长宁区宣化路3号2258室",
    "location": "121.430822,31.217710",
    "township": "江苏路街道"
  },
  {
    "id": 126,
    "name": "上海深屹网络科技有限公司",
    "address": "上海市长宁区宣化路3号2145室",
    "location": "121.430822,31.217710",
    "township": "江苏路街道"
  },
  {
    "id": 127,
    "name": "耀童网络软件（上海）有限公司",
    "address": "上海市长宁区延安西路2111号2楼A座西侧",
    "location": "121.405416,31.202392",
    "township": "虹桥街道"
  },
  {
    "id": 128,
    "name": "上海市小小地球教育培训有限公司",
    "address": "上海市长宁区兴义路8号S-309室",
    "location": "121.404256,31.205312",
    "township": "虹桥街道"
  },
  {
    "id": 129,
    "name": "软银通信科技（上海）有限公司",
    "address": "上海市长宁区延安西路2201号1915室",
    "location": "121.403770,31.202189",
    "township": "虹桥街道"
  },
  {
    "id": 130,
    "name": "上海水晶石数字科技有限公司",
    "address": "上海市长宁区长宁路999号6楼618室",
    "location": "121.417880,31.217650",
    "township": "华阳路街道"
  },
  {
    "id": 131,
    "name": "上海赛锘电子科技有限公司",
    "address": "上海市长宁区天山路641号3号楼508室",
    "location": "121.394543,31.212031",
    "township": "仙霞新村街道"
  },
  {
    "id": 132,
    "name": "琥博信息科技（上海）有限公司",
    "address": "上海市长宁区仙霞路350号10幢405室",
    "location": "121.397726,31.205310",
    "township": "仙霞新村街道"
  },
  {
    "id": 133,
    "name": "上海安鲜达物流科技有限公司",
    "address": "上海市长宁区金钟路999号3幢6楼601室 本区内另有如下经营场所：1、仙霞路1128号101室；2、可乐东路178号",
    "location": "121.351279,31.219775",
    "township": "新泾镇"
  },
  {
    "id": 134,
    "name": "聚物腾云物联网（上海）有限公司",
    "address": "上海市长宁区淞虹路207号A栋3楼D单元",
    "location": "121.360428,31.220713",
    "township": "新泾镇"
  },
  {
    "id": 135,
    "name": "上海中锐教育投资有限公司",
    "address": "上海市长宁区金钟路767弄2号6楼605室",
    "location": "121.357022,31.219310",
    "township": "新泾镇"
  },
  {
    "id": 136,
    "name": "兰维乐（上海）食品有限公司",
    "address": "上海市长宁区协和路1158号（2号楼）501-509室",
    "location": "121.354498,31.224229",
    "township": "新泾镇"
  },
  {
    "id": 137,
    "name": "亦非云互联网技术（上海）有限公司",
    "address": "上海市长宁区通协路268号6楼605室（名义室号B701室）",
    "location": "121.355284,31.226756",
    "township": "新泾镇"
  },
  {
    "id": 138,
    "name": "上海仪电特镭宝信息科技有限公司",
    "address": "上海市长宁区宣化路3号2层2753室",
    "location": "121.430822,31.217710",
    "township": "江苏路街道"
  },
  {
    "id": 139,
    "name": "史泰博（上海）有限公司",
    "address": "上海市长宁区通协路269号5号楼3楼",
    "location": "121.356417,31.225547",
    "township": "新泾镇"
  },
  {
    "id": 140,
    "name": "卓延商贸（上海）有限公司",
    "address": "上海市长宁区宣化路3号2299室",
    "location": "121.430822,31.217710",
    "township": "江苏路街道"
  },
  {
    "id": 141,
    "name": "建略软件科技（上海）有限公司",
    "address": "上海市长宁区仙霞路369号1号楼702室",
    "location": "121.397432,31.206272",
    "township": "仙霞新村街道"
  },
  {
    "id": 142,
    "name": "中旅途易旅游有限公司上海维京旅行社分公司",
    "address": "上海市长宁区娄山关路35号8楼8001-8008室",
    "location": "121.402955,31.202415",
    "township": "虹桥街道"
  },
  {
    "id": 143,
    "name": "上海异瀚数码科技股份有限公司",
    "address": "上海市长宁区天山路641号2号楼402室",
    "location": "121.394760,31.213061",
    "township": "仙霞新村街道"
  },
  {
    "id": 144,
    "name": "当家移动绿色互联网技术集团有限公司上海分公司",
    "address": "上海市长宁区安化路492号1幢（A座）126室A049",
    "location": "121.420256,31.215275",
    "township": "华阳路街道"
  },
  {
    "id": 145,
    "name": "上海厉至优保安服务有限公司",
    "address": "上海市长宁区延安西路726号27F、27J、27K室",
    "location": "121.433512,31.215492",
    "township": "江苏路街道"
  },
  {
    "id": 146,
    "name": "北京众鸣世纪科技有限公司上海分公司",
    "address": "上海市静安区南京西路688号1109、1110室",
    "location": "121.464553,31.231589",
    "township": "石门二路街道"
  },
  {
    "id": 147,
    "name": "上海中科新微信息科技园有限公司",
    "address": "上海市长宁区长宁路865号5号楼714室",
    "location": "121.420507,31.216602",
    "township": "华阳路街道"
  },
  {
    "id": 148,
    "name": "上海轻轻信息科技有限公司",
    "address": "上海市长宁区虹桥路1157号417室",
    "location": "121.409222,31.197208",
    "township": "虹桥街道"
  },
  {
    "id": 149,
    "name": "上海上嘉物流科技有限公司",
    "address": "上海市长宁区长宁路88号8层806单元",
    "location": "121.426984,31.228665",
    "township": "华阳路街道"
  },
  {
    "id": 150,
    "name": "迈韦尼通讯技术（上海）有限公司",
    "address": "上海市长宁区凯旋路1010号7幢5A",
    "location": "121.416946,31.207984",
    "township": "新华路街道"
  },
  {
    "id": 151,
    "name": "步康（上海）软件有限公司",
    "address": "上海市长宁区定西路650号6373室",
    "location": "121.424013,31.206073",
    "township": "新华路街道"
  },
  {
    "id": 152,
    "name": "上海华氏大药房配送中心有限公司",
    "address": "上海市长宁区广顺路33号7幢205室",
    "location": "121.353411,31.216869",
    "township": "新泾镇"
  },
  {
    "id": 153,
    "name": "上海兴长信达科技发展有限公司",
    "address": "上海市长宁区中山西路1281号5幢601、602、603、605、606、607、608室",
    "location": "121.420188,31.191279",
    "township": "虹桥街道"
  },
  {
    "id": 154,
    "name": "上海蔚兰红瓴投资管理有限公司",
    "address": "上海市长宁区宣化路3号二层2442室",
    "location": "121.430822,31.217710",
    "township": "江苏路街道"
  },
  {
    "id": 155,
    "name": "迪珥医疗器械（上海）有限公司",
    "address": "上海市长宁区延安西路889号705室",
    "location": "121.432014,31.215288",
    "township": "江苏路街道"
  },
  {
    "id": 156,
    "name": "视奇光学（上海）有限公司",
    "address": "上海市长宁区延安西路1088号1607室",
    "location": "121.430956,31.211582",
    "township": "新华路街道"
  },
  {
    "id": 157,
    "name": "山业（上海）商贸有限公司",
    "address": "上海市长宁区中山西路1065号1509室",
    "location": "121.415775,31.198137",
    "township": "虹桥街道"
  },
  {
    "id": 158,
    "name": "上海百琪迈数码科技有限公司",
    "address": "上海市长宁区古北路678号202室",
    "location": "121.399507,31.204864",
    "township": "仙霞新村街道"
  },
  {
    "id": 159,
    "name": "上海全成通信技术有限公司",
    "address": "上海市长宁区安化路492号A座（1幢）7楼732-2室",
    "location": "121.420342,31.215258",
    "township": "华阳路街道"
  },
  {
    "id": 160,
    "name": "上海智士网络科技有限公司",
    "address": "上海市长宁区金钟路968号3号楼207室",
    "location": "121.353166,31.222230",
    "township": "新泾镇"
  },
  {
    "id": 161,
    "name": "上海昂铮商贸有限公司",
    "address": "上海市长宁区中山西路1065号1504-1室",
    "location": "121.415775,31.198137",
    "township": "虹桥街道"
  },
  {
    "id": 162,
    "name": "西阁玛软件系统（上海）有限公司",
    "address": "上海市长宁区延安西路1600号505室",
    "location": "121.419790,31.207997",
    "township": "新华路街道"
  },
  {
    "id": 163,
    "name": "上海嗨修汽车技术服务有限公司",
    "address": "上海市长宁区广顺路33号8幢4层4138室",
    "location": "121.353379,31.216650",
    "township": "新泾镇"
  },
  {
    "id": 164,
    "name": "上海群环科技有限公司",
    "address": "上海市长宁区天山西路1068号1幢7层东侧",
    "location": "121.354954,31.219350",
    "township": "新泾镇"
  },
  {
    "id": 165,
    "name": "上海东航快递有限公司",
    "address": "上海市长宁区空港六路199号中货航大楼408室",
    "location": "121.347830,31.183859",
    "township": "程家桥街道"
  },
  {
    "id": 166,
    "name": "上海济诺医院投资管理有限公司",
    "address": "上海市长宁区镇宁路465弄161号4号楼224室",
    "location": "121.432901,31.222073",
    "township": "江苏路街道"
  },
  {
    "id": 167,
    "name": "上海布鲁爱电子商务有限公司",
    "address": "上海市长宁区新华路365弄6号8号楼B06室",
    "location": "121.425026,31.202614",
    "township": "新华路街道"
  },
  {
    "id": 168,
    "name": "博康云信科技有限公司上海分公司",
    "address": "上海市长宁区长宁路1189号2号楼908室",
    "location": "121.414258,31.216019",
    "township": "周家桥街道"
  },
  {
    "id": 169,
    "name": "上海宝阳医疗器械有限公司",
    "address": "上海市长宁区番禺路5号1号楼502室",
    "location": "121.429660,31.209864",
    "township": "新华路街道"
  },
  {
    "id": 170,
    "name": "上海韦博教育培训有限公司",
    "address": "上海市长宁区长宁路1055号9楼901室、902、903",
    "location": "121.416669,31.217831",
    "township": "华阳路街道"
  },
  {
    "id": 171,
    "name": "上海菜猫健康管理有限公司",
    "address": "上海市长宁区凯旋路1010号1幢202室",
    "location": "121.415968,31.217481",
    "township": "周家桥街道"
  },
  {
    "id": 172,
    "name": "科纬迅软件服务（上海）有限公司",
    "address": "上海市长宁区长宁路1018号24楼2475室（一照多址试点企业）",
    "location": "121.416020,31.215679",
    "township": "周家桥街道"
  },
  {
    "id": 173,
    "name": "上海新微科技集团有限公司",
    "address": "上海市长宁区长宁路865号5号楼713室",
    "location": "121.420507,31.216602",
    "township": "华阳路街道"
  },
  {
    "id": 174,
    "name": "上海新大陆翼码信息科技股份有限公司",
    "address": "上海市长宁区宣化路3号2253室",
    "location": "121.430822,31.217710",
    "township": "江苏路街道"
  },
  {
    "id": 175,
    "name": "欧莞科技咨询（上海）有限公司",
    "address": "上海市长宁区仙霞路99号1585室（实际楼层13层）",
    "location": "121.407106,31.205723",
    "township": "天山路街道"
  },
  {
    "id": 176,
    "name": "上海泛居网络科技有限公司",
    "address": "上海市长宁区广顺路33号8幢1层1455室",
    "location": "121.353379,31.216650",
    "township": "新泾镇"
  },
  {
    "id": 177,
    "name": "上海慕苏科技有限公司",
    "address": "上海市长宁区广顺路33号8幢405室",
    "location": "121.353379,31.216650",
    "township": "新泾镇"
  },
  {
    "id": 178,
    "name": "鹿港科技（上海）有限公司",
    "address": "上海市长宁区中山西路930号1201、1202、1203、1204室",
    "location": "121.412656,31.200447",
    "township": "虹桥街道"
  },
  {
    "id": 179,
    "name": "源资信息科技（上海）有限公司",
    "address": "上海市长宁区天山路641号20幢611室",
    "location": "121.395083,31.212794",
    "township": "仙霞新村街道"
  },
  {
    "id": 180,
    "name": "上海安多福教育培训有限公司",
    "address": "上海市长宁区延安西路1118号1106、1107室",
    "location": "121.430385,31.210920",
    "township": "新华路街道"
  },
  {
    "id": 181,
    "name": "上海观察者信息技术有限公司",
    "address": "上海市长宁区番禺路300弄7号2幢403室",
    "location": "121.428811,31.204481",
    "township": "新华路街道"
  },
  {
    "id": 182,
    "name": "阿基米德（上海）传媒有限公司",
    "address": "上海市长宁区中山西路750号1幢16166室",
    "location": "121.411315,31.207834",
    "township": "天山路街道"
  },
  {
    "id": 183,
    "name": "上海芯火互联网科技有限公司",
    "address": "上海市长宁区天山西路18号2号楼303室",
    "location": "121.373954,31.216928",
    "township": "北新泾街道"
  },
  {
    "id": 184,
    "name": "学乐教育信息咨询（上海）有限公司",
    "address": "上海市长宁区虹古路321号3楼",
    "location": "121.392086,31.203535",
    "township": "仙霞新村街道"
  },
  {
    "id": 185,
    "name": "安码商务软件系统（上海）有限公司",
    "address": "上海市长宁区长顺路11号109室",
    "location": "121.417652,31.197675",
    "township": "虹桥街道"
  },
  {
    "id": 186,
    "name": "杭州安恒信息技术股份有限公司上海分公司",
    "address": "上海市长宁区愚园路1258号1607室",
    "location": "121.425630,31.219050",
    "township": "江苏路街道"
  },
  {
    "id": 187,
    "name": "上海量讯电子商务有限公司",
    "address": "上海市长宁区定西路385号3幢406室",
    "location": "121.422390,31.201730",
    "township": "新华路街道"
  },
  {
    "id": 188,
    "name": "上海德必创新科技发展有限公司",
    "address": "上海市长宁区安化路492号2幢1楼101-2室",
    "location": "121.420482,31.215759",
    "township": "华阳路街道"
  },
  {
    "id": 189,
    "name": "上海潭峻医疗科技有限公司",
    "address": "上海市长宁区延安西路1030弄12号101室",
    "location": "121.430944,31.211864",
    "township": "新华路街道"
  },
  {
    "id": 190,
    "name": "塞纳德（北京）信息技术有限公司上海分公司",
    "address": "上海市长宁区延安西路889号1001室",
    "location": "121.432014,31.215288",
    "township": "江苏路街道"
  },
  {
    "id": 191,
    "name": "民航快递有限责任公司上海分公司",
    "address": "上海市虹桥机场迎宾三路303号",
    "location": "121.347284,31.185109",
    "township": "程家桥街道"
  },
  {
    "id": 192,
    "name": "上海愿成教育培训有限公司",
    "address": "上海市长宁区长宁路1952号",
    "location": "121.402015,31.218853",
    "township": "周家桥街道"
  },
  {
    "id": 193,
    "name": "上海凭安征信服务有限公司",
    "address": "上海市长宁区广顺路33号8幢193室",
    "location": "121.353379,31.216650",
    "township": "新泾镇"
  },
  {
    "id": 194,
    "name": "上海优胜卫厨科技有限公司",
    "address": "上海市长宁区镇宁路9号10A、C、D室",
    "location": "121.438524,31.214929",
    "township": "江苏路街道"
  },
  {
    "id": 195,
    "name": "上海东华大学科技园发展有限公司",
    "address": "上海市长宁区新华路365弄6号",
    "location": "121.425026,31.202614",
    "township": "新华路街道"
  },
  {
    "id": 196,
    "name": "世存信息技术（上海）有限公司",
    "address": "上海市长宁区天山西路1068号D栋3楼B单元",
    "location": "121.354396,31.218714",
    "township": "新泾镇"
  },
  {
    "id": 197,
    "name": "上海瑞健科技有限公司",
    "address": "延安西路1882号科技楼301室",
    "location": "121.412968,31.205994",
    "township": "天山路街道"
  },
  {
    "id": 198,
    "name": "上海盖讯信息技术有限公司",
    "address": "上海市长宁区金钟路658弄10号608室",
    "location": "121.359018,31.220972",
    "township": "新泾镇"
  },
  {
    "id": 199,
    "name": "上海航津教育科技有限公司",
    "address": "上海市长宁区宣化路3号二层2565室",
    "location": "121.430822,31.217710",
    "township": "江苏路街道"
  },
  {
    "id": 200,
    "name": "上海氪信信息技术有限公司",
    "address": "上海市长宁区安化路492号A座（1幢）126室A004",
    "location": "121.420342,31.215258",
    "township": "华阳路街道"
  },
  {
    "id": 201,
    "name": "上海秋实企业管理有限公司",
    "address": "上海市长宁区定西路1558号305室",
    "location": "121.421882,31.217984",
    "township": "华阳路街道"
  },
  {
    "id": 202,
    "name": "铂略企业管理咨询（上海）有限公司",
    "address": "上海市长宁区福泉路111号1幢2层北区A区",
    "location": "121.357486,31.217887",
    "township": "新泾镇"
  },
  {
    "id": 203,
    "name": "上海唯寻教育科技有限公司",
    "address": "上海市长宁区江苏路398号502-2室",
    "location": "121.430476,31.218892",
    "township": "江苏路街道"
  },
  {
    "id": 204,
    "name": "上海沁程软件技术有限公司",
    "address": "上海市长宁区金钟路968号12号楼305室",
    "location": "121.351781,31.222302",
    "township": "新泾镇"
  },
  {
    "id": 205,
    "name": "上海视云网络科技有限公司",
    "address": "上海市长宁区仙霞路350号14幢323室",
    "location": "121.396672,31.205713",
    "township": "仙霞新村街道"
  },
  {
    "id": 206,
    "name": "上海象王洗衣有限公司",
    "address": "上海市法华镇路511号",
    "location": "121.424635,31.205025",
    "township": "新华路街道"
  },
  {
    "id": 207,
    "name": "上海科慧投资顾问有限公司",
    "address": "上海市长宁区广顺路33号606室",
    "location": "121.353411,31.216869",
    "township": "新泾镇"
  },
  {
    "id": 208,
    "name": "博世（上海）智能科技有限公司",
    "address": "上海市长宁区福泉北路333号1幢8楼888室",
    "location": "121.354600,31.230019",
    "township": "新泾镇"
  },
  {
    "id": 209,
    "name": "上海尔凌软件科技有限公司",
    "address": "上海市长宁区延安西路2201号8层812室",
    "location": "121.403770,31.202189",
    "township": "虹桥街道"
  },
  {
    "id": 210,
    "name": "上海万龙信息科技有限公司",
    "address": "上海市长宁区金钟路658弄10号4层417室",
    "location": "121.359018,31.220972",
    "township": "新泾镇"
  },
  {
    "id": 211,
    "name": "上海奥拓翰明计算机科技有限公司",
    "address": "上海市长宁区长宁路428号109室",
    "location": "121.426300,31.222942",
    "township": "华阳路街道"
  },
  {
    "id": 212,
    "name": "邓韩贝信息技术咨询（上海）有限公司",
    "address": "上海市长宁区江苏路398号10楼01室",
    "location": "121.430476,31.218892",
    "township": "江苏路街道"
  },
  {
    "id": 213,
    "name": "上海享物说网络科技有限公司",
    "address": "上海市长宁区安化路492号1幢（A座）126室【A091】",
    "location": "121.420256,31.215275",
    "township": "华阳路街道"
  },
  {
    "id": 214,
    "name": "仟传网络科技（上海）有限公司",
    "address": "上海市长宁区仙霞路350号10幢412室",
    "location": "121.397726,31.205310",
    "township": "仙霞新村街道"
  },
  {
    "id": 215,
    "name": "东旺信息科技（上海）有限公司",
    "address": "上海市长宁区广顺路33号8幢2层223室",
    "location": "121.353379,31.216650",
    "township": "新泾镇"
  },
  {
    "id": 216,
    "name": "上海仁扬信息技术有限公司",
    "address": "上海市长宁区广顺路33号8幢505室",
    "location": "121.353379,31.216650",
    "township": "新泾镇"
  },
  {
    "id": 217,
    "name": "上海海通环宇投资发展有限公司",
    "address": "上海市长宁区仙霞路318号－322号1201室",
    "location": "121.399066,31.205484",
    "township": "仙霞新村街道"
  },
  {
    "id": 218,
    "name": "上海康林仁和家庭医疗保健用品有限公司",
    "address": "上海市长宁区中山西路555号1幢1606室",
    "location": "121.412806,31.214347",
    "township": "周家桥街道"
  },
  {
    "id": 219,
    "name": "杭州毛戈平形象设计艺术有限公司上海分公司",
    "address": "上海市长宁区玉屏南路113弄18号第一幢7201室",
    "location": "121.409178,31.212146",
    "township": "天山路街道"
  },
  {
    "id": 220,
    "name": "上海远动科技有限公司",
    "address": "上海市长宁区定西路650号799室",
    "location": "121.424013,31.206073",
    "township": "新华路街道"
  },
  {
    "id": 221,
    "name": "上海必看科技有限公司",
    "address": "上海市长宁区金钟路999号3幢505室",
    "location": "121.351279,31.219775",
    "township": "新泾镇"
  },
  {
    "id": 222,
    "name": "上海驿氪信息科技有限公司",
    "address": "上海市长宁区愚园路1107号1号楼503室",
    "location": "121.428240,31.217541",
    "township": "江苏路街道"
  },
  {
    "id": 223,
    "name": "兜风国际旅行社（上海）有限公司",
    "address": "上海市长宁区天山支路201-209号419-2室",
    "location": "121.395956,31.213326",
    "township": "天山路街道"
  },
  {
    "id": 224,
    "name": "上海安捷力信息系统有限公司",
    "address": "上海市长宁区广顺路33号7幢4层",
    "location": "121.353411,31.216869",
    "township": "新泾镇"
  },
  {
    "id": 225,
    "name": "极进网络技术（北京）有限公司上海分公司",
    "address": "上海市长宁区虹桥路1438号1幢5F503-29&32室（实际楼层4层）",
    "location": "121.402971,31.197594",
    "township": "虹桥街道"
  },
  {
    "id": 226,
    "name": "上海澄渊商贸有限公司",
    "address": "上海市长宁区定西路655号5幢3楼E2座",
    "location": "121.423684,31.206277",
    "township": "新华路街道"
  },
  {
    "id": 227,
    "name": "上海欧迪斯物流有限公司",
    "address": "上海市长宁区万航渡路2453号7幢二层A室",
    "location": "121.406419,31.220200",
    "township": "周家桥街道"
  },
  {
    "id": 228,
    "name": "盛虹科技（上海）有限公司",
    "address": "上海市长宁区延安西路728号12D-1室",
    "location": "121.433770,31.215149",
    "township": "江苏路街道"
  },
  {
    "id": 229,
    "name": "上海波特科技有限公司",
    "address": "上海市长宁区广顺路33号A楼138室",
    "location": "121.353411,31.216869",
    "township": "新泾镇"
  },
  {
    "id": 230,
    "name": "POLYCOM通讯系统（北京）有限公司上海分公司",
    "address": "上海市长宁区虹桥路1452号504室",
    "location": "121.401427,31.198915",
    "township": "虹桥街道"
  },
  {
    "id": 231,
    "name": "上海赞颢教育科技有限公司",
    "address": "上海市长宁区天山西路567号10楼北A1单元（实际9楼）",
    "location": "121.357068,31.217854",
    "township": "新泾镇"
  },
  {
    "id": 232,
    "name": "上海舒程信息技术有限公司",
    "address": "上海市长宁区金钟路968号12号楼306室",
    "location": "121.351781,31.222302",
    "township": "新泾镇"
  },
  {
    "id": 233,
    "name": "苏州金螳螂三维软件有限公司上海分公司",
    "address": "上海市长宁区金钟路999号3幢3楼302室",
    "location": "121.351279,31.219775",
    "township": "新泾镇"
  },
  {
    "id": 234,
    "name": "上海有树文化传播有限公司",
    "address": "上海市长宁区福泉北路518号8号楼5层501室",
    "location": "121.357039,31.227836",
    "township": "新泾镇"
  },
  {
    "id": 235,
    "name": "欧力士科技租赁（天津）有限公司上海长宁分公司",
    "address": "上海市长宁区娄山关路523号3层02单元",
    "location": "121.402962,31.208698",
    "township": "天山路街道"
  },
  {
    "id": 236,
    "name": "上海乐丽电子商务服务有限公司",
    "address": "上海市长宁区金钟路999号4幢301、304室",
    "location": "121.351260,31.219830",
    "township": "新泾镇"
  },
  {
    "id": 237,
    "name": "哦加哦网络科技（上海）有限公司",
    "address": "上海市长宁区长宁路999号6楼6159室",
    "location": "121.417880,31.217650",
    "township": "华阳路街道"
  },
  {
    "id": 238,
    "name": "上海立华信息科技有限公司",
    "address": "上海市长宁区延安西路1358号5B室-2",
    "location": "121.424171,31.209572",
    "township": "新华路街道"
  },
  {
    "id": 239,
    "name": "上海驹座科技有限公司",
    "address": "上海市长宁区安化路492号A座（1幢）2楼216室",
    "location": "121.420342,31.215258",
    "township": "华阳路街道"
  },
  {
    "id": 240,
    "name": "上海数斐信息科技有限公司",
    "address": "上海市长宁区天山路641号21幢（3号楼）403室",
    "location": "121.395083,31.212794",
    "township": "仙霞新村街道"
  },
  {
    "id": 241,
    "name": "艾欧史密斯（中国）热水器有限公司上海分公司",
    "address": "上海市徐汇区凯旋路3131号1606－1609室",
    "location": "121.432721,31.181682",
    "township": "徐家汇街道"
  },
  {
    "id": 242,
    "name": "上海欧计斯软件有限公司",
    "address": "上海市长宁区天山路641号三号楼506室",
    "location": "121.394543,31.212031",
    "township": "仙霞新村街道"
  },
  {
    "id": 243,
    "name": "上海诺溢科节能科技有限公司",
    "address": "上海市长宁区广顺路33号8幢3层3178室",
    "location": "121.353379,31.216650",
    "township": "新泾镇"
  },
  {
    "id": 244,
    "name": "中民物业投资有限公司",
    "address": "上海市长宁区宣化路3号2层2389室",
    "location": "121.430822,31.217710",
    "township": "江苏路街道"
  },
  {
    "id": 245,
    "name": "上海埃米柯信息系统有限公司",
    "address": "上海市长宁区剑河路679号3幢321室",
    "location": "121.369748,31.204062",
    "township": "新泾镇"
  },
  {
    "id": 246,
    "name": "上海业民科技有限公司",
    "address": "上海市长宁区金钟路968号3号楼508室（实际楼层4层）",
    "location": "121.353166,31.222230",
    "township": "新泾镇"
  },
  {
    "id": 247,
    "name": "上海都市生活企业发展有限公司",
    "address": "上海市长宁区广顺路33号3幢二层南间205室",
    "location": "121.353380,31.216650",
    "township": "新泾镇"
  },
  {
    "id": 248,
    "name": "上海朔茂网络科技有限公司",
    "address": "上海市长宁区天山路600弄4号13B座22室",
    "location": "121.396945,31.214016",
    "township": "天山路街道"
  },
  {
    "id": 249,
    "name": "上海春秋中免免税品有限公司",
    "address": "上海市长宁区空港一路528号3号楼4楼",
    "location": "121.349937,31.192141",
    "township": "程家桥街道"
  },
  {
    "id": 250,
    "name": "上海百芝龙网络科技有限公司",
    "address": "上海市长宁区广顺路33号8幢1层1287室",
    "location": "121.353379,31.216650",
    "township": "新泾镇"
  },
  {
    "id": 251,
    "name": "芯颖科技有限公司",
    "address": "上海市长宁区金钟路767弄3号1楼",
    "location": "121.356192,31.219523",
    "township": "新泾镇"
  },
  {
    "id": 253,
    "name": "远迅（上海）数码科技有限公司",
    "address": "上海市长宁区延安西路719号1502室",
    "location": "121.434377,31.214665",
    "township": "江苏路街道"
  },
  {
    "id": 254,
    "name": "上海两心科技有限公司",
    "address": "上海市长宁区天山西路18号2号楼301室",
    "location": "121.373954,31.216928",
    "township": "北新泾街道"
  },
  {
    "id": 255,
    "name": "上海袋虎信息技术有限公司",
    "address": "上海市长宁区金钟路968号11号楼201室",
    "location": "121.352089,31.221539",
    "township": "新泾镇"
  },
  {
    "id": 256,
    "name": "环娱电子商务（上海）有限公司",
    "address": "上海市长宁区广顺路33号6幢3楼A1室",
    "location": "121.353100,31.217160",
    "township": "新泾镇"
  },
  {
    "id": 257,
    "name": "上海达策信息技术有限公司",
    "address": "上海市长宁区新华路664号25幢3层313室",
    "location": "121.420752,31.205133",
    "township": "新华路街道"
  },
  {
    "id": 258,
    "name": "上海森塾教育培训有限公司",
    "address": "上海市长宁区天山路1111号307室",
    "location": "121.407113,31.210152",
    "township": "天山路街道"
  },
  {
    "id": 259,
    "name": "上海商旅通商务服务有限公司",
    "address": "上海市长宁区定西路1558号3楼301室",
    "location": "121.421882,31.217984",
    "township": "华阳路街道"
  },
  {
    "id": 260,
    "name": "上海携程喜翠铺企业管理有限公司",
    "address": "上海市长宁区金钟路968号17号楼1层17-101-B室",
    "location": "121.350562,31.221871",
    "township": "新泾镇"
  },
  {
    "id": 261,
    "name": "上海每日优鲜电子商务有限公司",
    "address": "上海市长宁区芙蓉江路274号",
    "location": "121.395425,31.211415",
    "township": "仙霞新村街道"
  },
  {
    "id": 262,
    "name": "奥朵（上海）电子科技有限公司",
    "address": "上海市长宁区古北路678号1904室",
    "location": "121.399507,31.204864",
    "township": "仙霞新村街道"
  },
  {
    "id": 263,
    "name": "上海新长宁慧生活科技有限公司",
    "address": "上海市长宁区茅台路630号 本区内另有如下经营场所：1、玉屏南路88号101-105室；2、水城路382弄8号底层东首",
    "location": "121.388109,31.210611",
    "township": "仙霞新村街道"
  },
  {
    "id": 264,
    "name": "上海明据信息科技有限公司",
    "address": "上海市长宁区古北路666号1803B室（实际楼层15层）",
    "location": "121.399434,31.205573",
    "township": "仙霞新村街道"
  },
  {
    "id": 265,
    "name": "上海万企明道软件有限公司",
    "address": "上海市长宁区天山路641号20幢（2号楼）609室",
    "location": "121.395083,31.212794",
    "township": "仙霞新村街道"
  },
  {
    "id": 266,
    "name": "上海酷程信息技术有限公司",
    "address": "上海市长宁区金钟路968号12号楼303室",
    "location": "121.351781,31.222302",
    "township": "新泾镇"
  },
  {
    "id": 267,
    "name": "上海众愿计算机技术有限公司",
    "address": "上海市长宁区天山路18号901-118室",
    "location": "121.378426,31.216402",
    "township": "北新泾街道"
  },
  {
    "id": 268,
    "name": "上海沃克软件有限公司",
    "address": "上海市长宁区仙霞路350号10幢楼217室",
    "location": "121.397726,31.205310",
    "township": "仙霞新村街道"
  },
  {
    "id": 269,
    "name": "上海沃尔得教育科技股份有限公司",
    "address": "上海市长宁区宣化路3号2260室",
    "location": "121.430822,31.217710",
    "township": "江苏路街道"
  },
  {
    "id": 270,
    "name": "露琪（上海）电子科技有限公司",
    "address": "上海市长宁区宣化路300号南塔1804室",
    "location": "121.422370,31.217559",
    "township": "华阳路街道"
  },
  {
    "id": 271,
    "name": "吉林省高升科技有限公司上海分公司",
    "address": "上海市长宁区江苏路369号3G室",
    "location": "121.431590,31.218973",
    "township": "江苏路街道"
  },
  {
    "id": 272,
    "name": "北京国人未来教育科技股份有限公司上海分公司",
    "address": "上海市长宁区中山西路750号1幢1602室",
    "location": "121.411315,31.207834",
    "township": "天山路街道"
  },
  {
    "id": 273,
    "name": "上海燧盛信息科技有限公司",
    "address": "上海市长宁区娄山关路533号9楼904单元",
    "location": "121.402674,31.208994",
    "township": "天山路街道"
  },
  {
    "id": 274,
    "name": "上海领意信息系统集成股份有限公司",
    "address": "上海市长宁区广顺路33号8幢348室",
    "location": "121.353379,31.216650",
    "township": "新泾镇"
  },
  {
    "id": 275,
    "name": "统一企业（中国）投资有限公司上海分公司",
    "address": "上海市长宁区天山西路568号一幢B301-308室",
    "location": "121.360397,31.218803",
    "township": "新泾镇"
  },
  {
    "id": 276,
    "name": "快宝（上海）网络技术有限公司",
    "address": "上海市长宁区通协路269号6号楼6楼A单元",
    "location": "121.355965,31.225733",
    "township": "新泾镇"
  },
  {
    "id": 277,
    "name": "上海趣携资产管理有限公司",
    "address": "上海市长宁区金钟路968号16号楼907室（实际楼层8层）",
    "location": "121.351128,31.221367",
    "township": "新泾镇"
  },
  {
    "id": 278,
    "name": "上海铁友旅游咨询有限公司",
    "address": "上海市长宁区福泉路99号1幢6楼H区",
    "location": "121.357933,31.220113",
    "township": "新泾镇"
  },
  {
    "id": 279,
    "name": "中民智荟（上海）科技有限公司",
    "address": "上海市长宁区宣化路3号二层2530室",
    "location": "121.430822,31.217710",
    "township": "江苏路街道"
  },
  {
    "id": 280,
    "name": "上海求步信息系统有限公司",
    "address": "上海市长宁区天山路641号20幢（二号楼）605室",
    "location": "121.395083,31.212794",
    "township": "仙霞新村街道"
  },
  {
    "id": 281,
    "name": "上海长城电子信息网络有限公司",
    "address": "上海市长宁区长宁路426号203室",
    "location": "121.426479,31.223078",
    "township": "华阳路街道"
  },
  {
    "id": 282,
    "name": "纽仕兰新云（上海）电子商务有限公司",
    "address": "上海市长宁区广顺路33号8幢3层3132室",
    "location": "121.353379,31.216650",
    "township": "新泾镇"
  },
  {
    "id": 283,
    "name": "福玻斯（上海）物联网科技有限公司",
    "address": "上海市长宁区长宁路88号15层1507室",
    "location": "121.426984,31.228665",
    "township": "华阳路街道"
  },
  {
    "id": 284,
    "name": "上海英程智能科技有限公司",
    "address": "上海市长宁区金钟路968号12号楼302室",
    "location": "121.351781,31.222302",
    "township": "新泾镇"
  },
  {
    "id": 285,
    "name": "上海小翼信息科技有限公司",
    "address": "上海市长宁区新华路365弄6号7号楼336室",
    "location": "121.425578,31.203330",
    "township": "新华路街道"
  },
  {
    "id": 286,
    "name": "上海春秋旅游汽车服务有限公司",
    "address": "上海市长宁区定西路1558号",
    "location": "121.421882,31.217984",
    "township": "华阳路街道"
  },
  {
    "id": 287,
    "name": "上海传度健康管理咨询有限公司",
    "address": "上海市长宁区平武路38号二楼65室 （一照多址试点企业）",
    "location": "121.430239,31.208821",
    "township": "新华路街道"
  },
  {
    "id": 288,
    "name": "一起游国际旅行社有限公司",
    "address": "上海市长宁区镇宁路525号302室",
    "location": "121.435267,31.224144",
    "township": "江苏路街道"
  },
  {
    "id": 289,
    "name": "上海羿玖电子商务有限公司",
    "address": "上海市长宁区宣化路53号-5",
    "location": "121.429548,31.217556",
    "township": "江苏路街道"
  },
  {
    "id": 290,
    "name": "上海木木机器人技术有限公司",
    "address": "上海市长宁区广顺路33号2幢402室",
    "location": "121.353411,31.216869",
    "township": "新泾镇"
  },
  {
    "id": 291,
    "name": "上海一达通企业服务有限公司",
    "address": "上海市长宁区广顺路33号8幢1层1219室",
    "location": "121.353379,31.216650",
    "township": "新泾镇"
  },
  {
    "id": 292,
    "name": "上海锐特欣信息科技有限公司",
    "address": "上海市长宁区广顺路33号8幢330室",
    "location": "121.353379,31.216650",
    "township": "新泾镇"
  },
  {
    "id": 293,
    "name": "康沛多（上海）食品有限公司",
    "address": "上海市长宁区中山西路1039弄8号3层",
    "location": "121.416229,31.199096",
    "township": "虹桥街道"
  },
  {
    "id": 294,
    "name": "上海云弗网络科技有限公司",
    "address": "上海市长宁区延安西路1326号15楼",
    "location": "121.425962,31.209904",
    "township": "新华路街道"
  },
  {
    "id": 295,
    "name": "叁贰贰（上海）数据科技有限公司",
    "address": "上海市长宁区天山路18号901-385室",
    "location": "121.378426,31.216402",
    "township": "北新泾街道"
  },
  {
    "id": 296,
    "name": "豆朋教育科技（上海）有限公司",
    "address": "上海市长宁区仙霞路350号10幢1083室",
    "location": "121.397726,31.205310",
    "township": "仙霞新村街道"
  },
  {
    "id": 297,
    "name": "上海易念信息科技有限公司",
    "address": "上海市长宁区广顺路33号8幢194室",
    "location": "121.353379,31.216650",
    "township": "新泾镇"
  },
  {
    "id": 298,
    "name": "上海铭泉教育软件科技有限公司",
    "address": "上海市长宁区定西路650号609室",
    "location": "121.424013,31.206073",
    "township": "新华路街道"
  },
  {
    "id": 299,
    "name": "上海轩盒网络技术服务有限公司",
    "address": "上海市长宁区长宁路88号9楼10单元",
    "location": "121.426984,31.228665",
    "township": "华阳路街道"
  },
  {
    "id": 300,
    "name": "上海苍豆网络技术有限公司",
    "address": "上海市长宁区中山西路849号63幢10楼C座",
    "location": "121.414575,31.203459",
    "township": "天山路街道"
  },
  {
    "id": 301,
    "name": "上海易贸供应链管理有限公司",
    "address": "上海市长宁区金钟路999号3幢楼905室",
    "location": "121.351279,31.219775",
    "township": "新泾镇"
  },
  {
    "id": 302,
    "name": "上海紫盛网络科技有限公司",
    "address": "上海市长宁区仙霞路350号10幢278室",
    "location": "121.397726,31.205310",
    "township": "仙霞新村街道"
  },
  {
    "id": 303,
    "name": "华菁电子科技（上海）有限公司",
    "address": "上海市长宁区中山西路1065号1909D室",
    "location": "121.415775,31.198137",
    "township": "虹桥街道"
  },
  {
    "id": 304,
    "name": "上海鼎创汇创客空间管理有限公司",
    "address": "上海市长宁区平武路38号6楼609-9室",
    "location": "121.430239,31.208821",
    "township": "新华路街道"
  },
  {
    "id": 305,
    "name": "上海商传互联网科技有限公司",
    "address": "上海市长宁区昭化路51号六幢335室",
    "location": "121.424912,31.211940",
    "township": "华阳路街道"
  },
  {
    "id": 306,
    "name": "上海昊霆餐饮有限公司",
    "address": "上海市长宁区长宁路890号地下一层B20室",
    "location": "121.417830,31.218930",
    "township": "华阳路街道"
  },
  {
    "id": 307,
    "name": "上海易贸投资集团有限公司",
    "address": "上海市长宁区广顺路33号A（北）幢楼201室",
    "location": "121.353411,31.216869",
    "township": "新泾镇"
  },
  {
    "id": 308,
    "name": "雷斯康信息技术（上海）有限公司",
    "address": "上海市长宁区延安西路728号9G室",
    "location": "121.433770,31.215149",
    "township": "江苏路街道"
  },
  {
    "id": 309,
    "name": "上海淘最霓虹网络科技有限公司",
    "address": "上海市长宁区万航渡路2453号6幢二层2198室",
    "location": "121.406419,31.220200",
    "township": "周家桥街道"
  },
  {
    "id": 310,
    "name": "上海去动网络科技有限公司",
    "address": "上海市长宁区广顺路33号8幢480室",
    "location": "121.353379,31.216650",
    "township": "新泾镇"
  },
  {
    "id": 311,
    "name": "上海体创健康管理有限公司",
    "address": "上海市长宁区天山路1737号1幢212、216、218室",
    "location": "121.408227,31.209359",
    "township": "天山路街道"
  },
  {
    "id": 312,
    "name": "上海菜管家电子商务有限公司",
    "address": "上海市长宁区金钟路999号4幢8层801室",
    "location": "121.351260,31.219830",
    "township": "新泾镇"
  },
  {
    "id": 313,
    "name": "上海幻橙网络科技有限公司",
    "address": "上海市长宁区仙霞路350号3幢3107室",
    "location": "121.396973,31.205210",
    "township": "仙霞新村街道"
  },
  {
    "id": 314,
    "name": "上海爱擎网络科技有限公司",
    "address": "上海市长宁区金钟路968号2号楼606室（实际楼层5层）",
    "location": "121.353676,31.221145",
    "township": "新泾镇"
  },
  {
    "id": 315,
    "name": "上海东方网点连锁管理有限公司",
    "address": "上海市长宁区凯旋路1010号7幢A区2楼",
    "location": "121.416946,31.207984",
    "township": "新华路街道"
  },
  {
    "id": 316,
    "name": "易贸人力资源管理（上海）有限公司",
    "address": "上海市长宁区金钟路999号3幢710室",
    "location": "121.351279,31.219775",
    "township": "新泾镇"
  },
  {
    "id": 317,
    "name": "上海驿居北新泾酒店有限公司",
    "address": "上海市长宁区天山路78号1楼A区、3-10楼",
    "location": "121.379648,31.216028",
    "township": "北新泾街道"
  },
  {
    "id": 318,
    "name": "上海众璨电子商务有限公司",
    "address": "上海市长宁区紫云路421号T1-1502室（实际楼层12层）",
    "location": "121.411217,31.207878",
    "township": "天山路街道"
  },
  {
    "id": 319,
    "name": "上海象鲜网络科技有限公司",
    "address": "上海市长宁区天山西路18号2号楼302室",
    "location": "121.373954,31.216928",
    "township": "北新泾街道"
  },
  {
    "id": 320,
    "name": "联通创新创业投资（上海）有限公司",
    "address": "上海市长宁区仙霞路350号10幢4楼4001室",
    "location": "121.397726,31.205310",
    "township": "仙霞新村街道"
  },
  {
    "id": 321,
    "name": "如东信息技术服务（上海）有限公司",
    "address": "上海市长宁区通协路268号4楼406、407室（名义室号B505、B506室）",
    "location": "121.355284,31.226756",
    "township": "新泾镇"
  },
  {
    "id": 322,
    "name": "泰笛（上海）网络科技股份有限公司",
    "address": "上海市长宁区仙霞路350号10幢3楼3013室",
    "location": "121.397726,31.205310",
    "township": "仙霞新村街道"
  },
  {
    "id": 323,
    "name": "上海分众数码信息技术有限公司",
    "address": "上海市长宁区江苏路369号28楼A72室",
    "location": "121.431590,31.218973",
    "township": "江苏路街道"
  },
  {
    "id": 324,
    "name": "上海瓯粟家居用品有限公司",
    "address": "上海市长宁区新华路365弄6号7号楼319室",
    "location": "121.425578,31.203330",
    "township": "新华路街道"
  },
  {
    "id": 325,
    "name": "上海云舞网络科技有限公司",
    "address": "上海市长宁区协和路1033号A栋703-704室",
    "location": "121.354314,31.222788",
    "township": "新泾镇"
  },
  {
    "id": 326,
    "name": "上海易贾国际贸易有限公司",
    "address": "上海市长宁区金钟路999号3幢901室",
    "location": "121.351279,31.219775",
    "township": "新泾镇"
  },
  {
    "id": 327,
    "name": "上海熙香艺享电子商务有限公司",
    "address": "上海市长宁区仙霞路350号3幢2210室",
    "location": "121.396973,31.205210",
    "township": "仙霞新村街道"
  },
  {
    "id": 328,
    "name": "上海程汇创业投资管理有限公司",
    "address": "上海市长宁区仙霞路350号14幢823室",
    "location": "121.396672,31.205713",
    "township": "仙霞新村街道"
  },
  {
    "id": 329,
    "name": "神州数码通用软件（北京）有限公司上海分公司",
    "address": "上海市长宁区福泉路111号1幢2层南B区",
    "location": "121.357486,31.217887",
    "township": "新泾镇"
  },
  {
    "id": 330,
    "name": "上海华点云生物科技有限公司",
    "address": "上海市长宁区广顺路33号8幢490室",
    "location": "121.353379,31.216650",
    "township": "新泾镇"
  },
  {
    "id": 331,
    "name": "上海车鱼网络科技有限公司",
    "address": "上海市长宁区天山路600弄4号楼7层D19-D24",
    "location": "121.396945,31.214016",
    "township": "天山路街道"
  },
  {
    "id": 332,
    "name": "上海佩合众创空间管理有限公司",
    "address": "上海市长宁区仙霞路350号14幢5楼518室",
    "location": "121.396672,31.205713",
    "township": "仙霞新村街道"
  },
  {
    "id": 333,
    "name": "上海魔量创业投资中心（有限合伙）",
    "address": "上海市长宁区长宁路999号671室",
    "location": "121.417880,31.217650",
    "township": "华阳路街道"
  },
  {
    "id": 334,
    "name": "食之力（上海）健康科技有限公司",
    "address": "上海市长宁区紫云路421号T1-1005室（实际楼层为九层）",
    "location": "121.411217,31.207878",
    "township": "天山路街道"
  },
  {
    "id": 335,
    "name": "住福网络科技（上海）有限公司",
    "address": "上海市长宁区仙霞路350号10幢3楼3254室",
    "location": "121.397726,31.205310",
    "township": "仙霞新村街道"
  },
  {
    "id": 336,
    "name": "萤若（上海）互联网络科技有限公司",
    "address": "上海市长宁区凯旋路1010号7幢801室",
    "location": "121.416946,31.207984",
    "township": "新华路街道"
  },
  {
    "id": 337,
    "name": "上海长润信息技术有限公司",
    "address": "上海市长宁区长宁路855号11楼A、B、C座",
    "location": "121.420280,31.218248",
    "township": "华阳路街道"
  },
  {
    "id": 338,
    "name": "上海多媒体产业园创业有限公司",
    "address": "上海市长宁区长宁路1027号1002室",
    "location": "121.417920,31.217560",
    "township": "华阳路街道"
  },
  {
    "id": 339,
    "name": "上海合鲜美众物流科技有限公司",
    "address": "上海市长宁区仙霞路345号1807室",
    "location": "121.397950,31.206079",
    "township": "仙霞新村街道"
  },
  {
    "id": 340,
    "name": "祈畅炫（上海）酒店管理有限公司",
    "address": "上海市长宁区虹古路333-345号3-4层",
    "location": "121.390762,31.203600",
    "township": "仙霞新村街道"
  },
  {
    "id": 341,
    "name": "知定堂（上海）科技有限公司",
    "address": "上海市长宁区遵义路107号1705-1706室",
    "location": "121.406510,31.206900",
    "township": "天山路街道"
  },
  {
    "id": 342,
    "name": "上海适闲企业管理有限公司",
    "address": "上海市长宁区中山西路1291号4幢501室",
    "location": "121.420315,31.191133",
    "township": "虹桥街道"
  },
  {
    "id": 343,
    "name": "上海苏河汇科技服务股份有限公司",
    "address": "上海市长宁区协和路1158号819室",
    "location": "121.354498,31.224229",
    "township": "新泾镇"
  },
  {
    "id": 344,
    "name": "上海屋聚公共租赁住房运营有限公司",
    "address": "上海市长宁区凯旋路1205号3楼202室",
    "location": "121.418751,31.203874",
    "township": "新华路街道"
  },
  {
    "id": 345,
    "name": "上海互家联家庭服务有限公司",
    "address": "上海市长宁区天山路600弄1号1807室-2",
    "location": "121.396632,31.213177",
    "township": "天山路街道"
  },
  {
    "id": 346,
    "name": "上海爱君网络科技有限公司",
    "address": "上海市长宁区万航渡路2453号6幢205室",
    "location": "121.406419,31.220200",
    "township": "周家桥街道"
  },
  {
    "id": 347,
    "name": "上海卡旅信息技术有限公司",
    "address": "上海市长宁区平武路38号二楼62室",
    "location": "121.430239,31.208821",
    "township": "新华路街道"
  },
  {
    "id": 348,
    "name": "上海正济林健康管理有限公司",
    "address": "上海市长宁区福泉路99号1幢1层J11室",
    "location": "121.357933,31.220113",
    "township": "新泾镇"
  },
  {
    "id": 349,
    "name": "上海熙达食品有限公司",
    "address": "上海市长宁区中山西路1291号4幢103室",
    "location": "121.420315,31.191133",
    "township": "虹桥街道"
  },
  {
    "id": 350,
    "name": "上海技维信息科技有限公司",
    "address": "上海市长宁区天山路600弄4号7层D1-D6室",
    "location": "121.396945,31.214016",
    "township": "天山路街道"
  },
  {
    "id": 351,
    "name": "上海南瓜车投资管理有限公司",
    "address": "上海市长宁区天山路900号6楼C区后半部分",
    "location": "121.405047,31.211373",
    "township": "天山路街道"
  },
  {
    "id": 352,
    "name": "泊锞（上海）网络科技有限公司",
    "address": "上海市长宁区江苏路369号7I室",
    "location": "121.431590,31.218973",
    "township": "江苏路街道"
  },
  {
    "id": 353,
    "name": "上海美即送速运有限公司",
    "address": "上海市长宁区安化路492号E座（8幢）2楼203室",
    "location": "121.420332,31.215310",
    "township": "华阳路街道"
  },
  {
    "id": 354,
    "name": "上海祥胜物流有限公司",
    "address": "上海市长宁区哈密路1955号5F-143室",
    "location": "121.368670,31.194549",
    "township": "程家桥街道"
  },
  {
    "id": 355,
    "name": "上海个众信息技术有限公司",
    "address": "上海市长宁区江苏路369号28楼B座",
    "location": "121.431590,31.218973",
    "township": "江苏路街道"
  },
  {
    "id": 356,
    "name": "上海云象商业管理有限公司",
    "address": "上海市长宁区金钟路999号3幢2楼201室",
    "location": "121.351279,31.219775",
    "township": "新泾镇"
  },
  {
    "id": 357,
    "name": "上海满樽网络科技有限公司",
    "address": "上海市长宁区宣化路3号2257室",
    "location": "121.430822,31.217710",
    "township": "江苏路街道"
  },
  {
    "id": 358,
    "name": "思科系统（中国）网络技术有限公司上海长宁分公司",
    "address": "上海市长宁区红宝石路500号2号楼1801B室（名义楼层22层）",
    "location": "121.400104,31.198155",
    "township": "虹桥街道"
  },
  {
    "id": 359,
    "name": "上海稍息网络科技有限公司",
    "address": "上海市长宁区金钟路968号6号楼1107室（实际楼层10层）",
    "location": "121.352759,31.221950",
    "township": "新泾镇"
  },
  {
    "id": 360,
    "name": "上海易果食品科技有限公司",
    "address": "上海市长宁区金钟路999号3幢705室",
    "location": "121.351279,31.219775",
    "township": "新泾镇"
  },
  {
    "id": 361,
    "name": "上海芙美企业管理有限公司",
    "address": "上海市长宁区安化路492号8幢（E座）301室（一照多址企业）",
    "location": "121.420300,31.215341",
    "township": "华阳路街道"
  },
  {
    "id": 362,
    "name": "上海好饭碗信息技术有限公司",
    "address": "上海市长宁区协和路1158号217-8室",
    "location": "121.354498,31.224229",
    "township": "新泾镇"
  },
  {
    "id": 363,
    "name": "上海邺嘉数字科技有限公司",
    "address": "上海市长宁区定西路1118号12幢南半幢屋顶3010-02室",
    "location": "121.423500,31.212799",
    "township": "华阳路街道"
  },
  {
    "id": 364,
    "name": "上海悦目佳人企业管理有限公司",
    "address": "上海市长宁区天山路18号901-382室",
    "location": "121.378426,31.216402",
    "township": "北新泾街道"
  },
  {
    "id": 365,
    "name": "上海志塘皇商业管理有限公司",
    "address": "上海市长宁区上海市长宁区金钟路968号6号楼1106室",
    "location": "121.352759,31.221950",
    "township": "新泾镇"
  }
]