[
    {
        "isChangning": "是",
        "addressType": "人工智能企业",
        "sid": "AI1",
        "xsAddress": "利西路102号1幢201室",
        "dtAddress": "利西路102号1幢",
        "x": "-3949.1550",
        "y": "-2070.9030",
        "zckjName": "上海西井信息科技有限公司"
    },
    {
        "isChangning": "是",
        "addressType": "人工智能企业",
        "sid": "AI2",
        "xsAddress": "娄山关路523号1座23F",
        "dtAddress": "娄山关路523号1座",
        "x": "-6427.7090",
        "y": "-2874.68",
        "zckjName": "上海依智医疗技术有限公司"
    },
    {
        "isChangning": "是",
        "addressType": "人工智能企业",
        "sid": "AI3",
        "xsAddress": "茅台路868弄光华大厦南楼909室",
        "dtAddress": "茅台路868弄",
        "x": "-8440.7860",
        "y": "-2508.8670",
        "zckjName": "上海方库信息科技有限公司"
    },
    {
        "isChangning": "是",
        "addressType": "人工智能企业",
        "sid": "AI4",
        "xsAddress": "淞虹路207号B栋6楼",
        "dtAddress": "长宁区淞虹路207号",
        "x": "-10551.0910",
        "y": "-1320.7010",
        "zckjName": "上海腾梭科技有限公司"
    },
    {
        "isChangning": "是",
        "addressType": "人工智能企业",
        "sid": "AI5",
        "xsAddress": "天山路1718号7号楼时尚创意园",
        "dtAddress": "天山路1718号7号楼",
        "x": "-6021.86",
        "y": "-2561.9850",
        "zckjName": "上海霸奋信息科技有限公司"
    },
    {
        "isChangning": "是",
        "addressType": "人工智能企业",
        "sid": "AI6",
        "xsAddress": "天山西路799号5楼1单元",
        "dtAddress": "天山西路799号",
        "x": "-11071.3570",
        "y": "-1694.5620",
        "zckjName": "兄弟机械商业(上海)有限公司"
    },
    {
        "isChangning": "是",
        "addressType": "人工智能企业",
        "sid": "AI7",
        "xsAddress": "通协路268号3楼B301室",
        "dtAddress": "长宁区通协路268号",
        "x": "-10802.3850",
        "y": "-834.8480",
        "zckjName": "卢博机器人（上海）有限公司"
    },
    {
        "isChangning": "是",
        "addressType": "人工智能企业",
        "sid": "AI8",
        "xsAddress": "长宁区威宁路369号10楼",
        "dtAddress": "长宁区威宁路369号",
        "x": "-7992.2490",
        "y": "-2277.1120",
        "zckjName": "深兰科技（上海）有限公司"
    },
    {
        "isChangning": "是",
        "addressType": "人工智能企业",
        "sid": "AI9",
        "xsAddress": "长宁区威宁路369号505室",
        "dtAddress": "长宁区威宁路369号",
        "x": "-7992.2490",
        "y": "-2277.1120",
        "zckjName": "效生软件科技（上海）有限公司"
    },
    {
        "isChangning": "是",
        "addressType": "人工智能企业",
        "sid": "AI10",
        "xsAddress": "仙霞路350号3栋4903室",
        "dtAddress": "上海市长宁区仙霞路350号",
        "x": "-7128.9340",
        "y": "-3088.2090",
        "zckjName": "上海铀尼信息科技有限公司"
    },
    {
        "isChangning": "是",
        "addressType": "人工智能企业",
        "sid": "AI11",
        "xsAddress": "长宁区协和路787号H栋4楼",
        "dtAddress": "长宁区协和路787号",
        "x": "-11062.0520",
        "y": "-1832.7050",
        "zckjName": "上海优浪信息科技有限公司"
    },
    {
        "isChangning": "是",
        "addressType": "人工智能企业",
        "sid": "AI12",
        "xsAddress": "延安西路1326号生物大厦4楼",
        "dtAddress": "延安西路1326号",
        "x": "-4389.9370",
        "y": "-2649.3910",
        "zckjName": "上海百芝龙网络科技有限公司"
    },
    {
        "isChangning": "是",
        "addressType": "人工智能企业",
        "sid": "AI13",
        "xsAddress": "延安西路1600号禾森商务中心208室",
        "dtAddress": "延安西路1600号",
        "x": "-4943.11",
        "y": "-2823.44",
        "zckjName": "上海领意信息系统集成股份有限公司"
    },
    {
        "isChangning": "是",
        "addressType": "人工智能企业",
        "sid": "AI14",
        "xsAddress": "愚园路753号E栋802室",
        "dtAddress": "愚园路753号E栋",
        "x": "-3558.6150",
        "y": "-1478.8860",
        "zckjName": "上海烨睿信息科技有限公司"
    },
    {
        "isChangning": "是",
        "addressType": "人工智能企业",
        "sid": "AI15",
        "xsAddress": "长宁路1033号联通大厦19楼",
        "dtAddress": "长宁区长宁路1033号",
        "x": "-5216.5690",
        "y": "-1742.1570",
        "zckjName": "联通（上海）产业互联网有限公司"
    },
    {
        "isChangning": "是",
        "addressType": "人工智能企业",
        "sid": "AI16",
        "xsAddress": "长宁路1033号联通大厦901室",
        "dtAddress": "长宁区长宁路1033号",
        "x": "-5216.5690",
        "y": "-1742.1570",
        "zckjName": "上海维谛信息科技有限公司"
    },
    {
        "isChangning": "是",
        "addressType": "人工智能企业",
        "sid": "AI17",
        "xsAddress": "长宁路1033号联通大厦901室",
        "dtAddress": "长宁区长宁路1033号",
        "x": "-5216.5690",
        "y": "-1742.1570",
        "zckjName": "上海允登信息科技有限公司"
    },
    {
        "isChangning": "是",
        "addressType": "人工智能企业",
        "sid": "AI18",
        "xsAddress": "长宁路1193号长宁来福士广场T3座1805-1806室",
        "dtAddress": "长宁路1193号",
        "x": "-5516.6660",
        "y": "-1810.07",
        "zckjName": "翼健（上海）信息科技有限公司"
    },
    {
        "isChangning": "是",
        "addressType": "人工智能企业",
        "sid": "AI19",
        "xsAddress": "长宁路855号13楼B座",
        "dtAddress": "长宁区长宁路855号",
        "x": "-4904.36",
        "y": "-1659.2170",
        "zckjName": "昆岸（上海）信息技术有限公司"
    },
    {
        "isChangning": "是",
        "addressType": "人工智能企业",
        "sid": "AI20",
        "xsAddress": "长宁路999号6楼6207室",
        "dtAddress": "上海市长宁区长宁路999号",
        "x": "-5082.4410",
        "y": "-1722.3010",
        "zckjName": "上海达慧智能科技有限公司"
    },
    {
        "isChangning": "是",
        "addressType": "人工智能企业",
        "sid": "AI21",
        "xsAddress": "长宁区长宁路1033号联通大厦9楼",
        "dtAddress": "长宁区长宁路1033号",
        "x": "-5216.5690",
        "y": "-1742.1570",
        "zckjName": "上海云卯信息科技有限公司"
    },
    {
        "isChangning": "是",
        "addressType": "人工智能企业",
        "sid": "AI22",
        "xsAddress": "长宁区长宁路855号20楼A座",
        "dtAddress": "长宁区长宁路855号",
        "x": "-4904.36",
        "y": "-1659.2170",
        "zckjName": "上海深屹网络科技有限公司"
    },
    {
        "isChangning": "是",
        "addressType": "人工智能企业",
        "sid": "AI23",
        "xsAddress": "长宁区安化路492号2幢1楼101室",
        "dtAddress": "长宁区安化路492号2幢",
        "x": "-4902.7380",
        "y": "-2029.8820",
        "zckjName": "上海德必创新科技发展有限公司"
    },
    {
        "isChangning": "是",
        "addressType": "人工智能企业",
        "sid": "AI24",
        "xsAddress": "长宁区定西路1308号3层",
        "dtAddress": "长宁区定西路1308号",
        "x": "-4675.8440",
        "y": "-1971.7530",
        "zckjName": "上海博者软件系统有限公司"
    },
    {
        "isChangning": "是",
        "addressType": "人工智能企业",
        "sid": "AI25",
        "xsAddress": "长宁区福泉北路333号1幢8楼888室",
        "dtAddress": "长宁区福泉北路333号1幢",
        "x": "-11100.6260",
        "y": "-363.9990",
        "zckjName": "博世（上海）智能科技有限公司"
    },
    {
        "isChangning": "是",
        "addressType": "人工智能企业",
        "sid": "AI26",
        "xsAddress": "长宁区福泉路111号",
        "dtAddress": "长宁区福泉路111号",
        "x": "-10819.7450",
        "y": "-1780.1230",
        "zckjName": "神州通誉软件（上海）股份有限公司"
    },
    {
        "isChangning": "是",
        "addressType": "人工智能企业",
        "sid": "AI27",
        "xsAddress": "长宁区福泉路99号6楼",
        "dtAddress": "长宁区福泉路99号",
        "x": "-10805.9250",
        "y": "-1500.7850",
        "zckjName": "携程旅游网络技术（上海）有限公司"
    },
    {
        "isChangning": "是",
        "addressType": "人工智能企业",
        "sid": "AI28",
        "xsAddress": "长宁区广顺路33号2栋4层",
        "dtAddress": "上海市长宁区广顺路33号",
        "x": "-11300.01",
        "y": "-1852.4370",
        "zckjName": "上海慧模智能科技有限公司"
    },
    {
        "isChangning": "是",
        "addressType": "人工智能企业",
        "sid": "AI29",
        "xsAddress": "长宁区广顺路33号8栋209室",
        "dtAddress": "上海市长宁区广顺路33号",
        "x": "-11300.01",
        "y": "-1852.4370",
        "zckjName": "上海元素之光照明科技有限公司"
    },
    {
        "isChangning": "是",
        "addressType": "人工智能企业",
        "sid": "AI30",
        "xsAddress": "长宁区金钟路633号A楼",
        "dtAddress": "长宁区金钟路633号A楼",
        "x": "-10663.1590",
        "y": "-1470.97",
        "zckjName": "希姆通信息技术（上海）有限公司"
    },
    {
        "isChangning": "是",
        "addressType": "人工智能企业",
        "sid": "AI31",
        "xsAddress": "长宁区金钟路658弄12号-1楼307室",
        "dtAddress": "长宁区金钟路658弄12号-1",
        "x": "-10778.8570",
        "y": "-1310.8010",
        "zckjName": "铿腾（上海）科技有限公司"
    },
    {
        "isChangning": "是",
        "addressType": "人工智能企业",
        "sid": "AI32",
        "xsAddress": "长宁区金钟路658弄东华大学国家科技园18号楼203室",
        "dtAddress": "长宁区金钟路658弄",
        "x": "-10724.2860",
        "y": "-1235.6890",
        "zckjName": "东旺信息科技（上海）有限公司"
    },
    {
        "isChangning": "是",
        "addressType": "人工智能企业",
        "sid": "AI33",
        "xsAddress": "长宁区金钟路767弄1号南天信息大楼5楼",
        "dtAddress": "长宁区金钟路767弄1号",
        "x": "-10940.5940",
        "y": "-1467.2240",
        "zckjName": "上海南天电脑系统有限公司"
    },
    {
        "isChangning": "是",
        "addressType": "人工智能企业",
        "sid": "AI34",
        "xsAddress": "长宁区金钟路767弄3号楼",
        "dtAddress": "长宁区金钟路767弄3号楼",
        "x": "-11031.9480",
        "y": "-1520.7430",
        "zckjName": "中颖电子股份有限公司"
    },
    {
        "isChangning": "是",
        "addressType": "人工智能企业",
        "sid": "AI35",
        "xsAddress": "长宁区金钟路968号3号楼1105室",
        "dtAddress": "长宁区金钟路968号",
        "x": "-11248.2970",
        "y": "-1427.5540",
        "zckjName": "上海谦尊升网络科技有限公司"
    },
    {
        "isChangning": "是",
        "addressType": "人工智能企业",
        "sid": "AI36",
        "xsAddress": "长宁区金钟路968号凌空soho7号楼501",
        "dtAddress": "长宁区金钟路968号",
        "x": "-11248.2970",
        "y": "-1427.5540",
        "zckjName": "上海宽惠网络科技股份有限公司"
    },
    {
        "isChangning": "是",
        "addressType": "人工智能企业",
        "sid": "AI37",
        "xsAddress": "长宁区金钟路999号D栋8楼",
        "dtAddress": "长宁区金钟路999号D栋",
        "x": "-11464.4770",
        "y": "-1404.4710",
        "zckjName": "上海农易信息技术有限公司"
    },
    {
        "isChangning": "是",
        "addressType": "人工智能企业",
        "sid": "AI38",
        "xsAddress": "长宁区临虹路128弄5号楼",
        "dtAddress": "长宁区临虹路128弄5号楼",
        "x": "-11202.8770",
        "y": "-274.3240",
        "zckjName": "上海十圆网络科技有限公司"
    },
    {
        "isChangning": "是",
        "addressType": "人工智能企业",
        "sid": "AI39",
        "xsAddress": "长宁区临虹路128弄5号楼3楼",
        "dtAddress": "长宁区临虹路128弄5号楼",
        "x": "-11202.8770",
        "y": "-274.3240",
        "zckjName": "上海乐云网络科技有限公司"
    },
    {
        "isChangning": "是",
        "addressType": "人工智能企业",
        "sid": "AI40",
        "xsAddress": "长宁区淞虹路207号D栋",
        "dtAddress": "长宁区淞虹路207号",
        "x": "-10551.0910",
        "y": "-1320.7010",
        "zckjName": "明基智能科技(上海)有限公司"
    },
    {
        "isChangning": "是",
        "addressType": "人工智能企业",
        "sid": "AI41",
        "xsAddress": "长宁区天山路600弄3号楼7楼D座",
        "dtAddress": "长宁区天山路600弄3号楼",
        "x": "-7171.7070",
        "y": "-2266.9630",
        "zckjName": "虎特信息科技（上海）有限公司"
    },
    {
        "isChangning": "是",
        "addressType": "人工智能企业",
        "sid": "AI42",
        "xsAddress": "长宁区天山路641号1号楼502室",
        "dtAddress": "上海市长宁区天山路641号",
        "x": "-7341.0880",
        "y": "-2271.6810",
        "zckjName": "上海长城电子信息网络有限公司"
    },
    {
        "isChangning": "是",
        "addressType": "人工智能企业",
        "sid": "AI43",
        "xsAddress": "长宁区天山路641号2号楼308室",
        "dtAddress": "上海市长宁区天山路641号",
        "x": "-7341.0880",
        "y": "-2271.6810",
        "zckjName": "上海古北电子技术工程有限公司"
    },
    {
        "isChangning": "是",
        "addressType": "人工智能企业",
        "sid": "AI44",
        "xsAddress": "长宁区天山路641号3号楼",
        "dtAddress": "上海市长宁区天山路641号",
        "x": "-7341.0880",
        "y": "-2271.6810",
        "zckjName": "上海新晨信息集成系统有限公司"
    },
    {
        "isChangning": "是",
        "addressType": "人工智能企业",
        "sid": "AI45",
        "xsAddress": "长宁区天山路641号3号楼402",
        "dtAddress": "上海市长宁区天山路641号",
        "x": "-7341.0880",
        "y": "-2271.6810",
        "zckjName": "福物(上海)机器人科技有限公司"
    },
    {
        "isChangning": "是",
        "addressType": "人工智能企业",
        "sid": "AI46",
        "xsAddress": "长宁区天山路641号白猫慧谷科技园2号楼4F",
        "dtAddress": "上海市长宁区天山路641号",
        "x": "-7341.0880",
        "y": "-2271.6810",
        "zckjName": "上海岭先机器人科技股份有限公司"
    },
    {
        "isChangning": "是",
        "addressType": "人工智能企业",
        "sid": "AI47",
        "xsAddress": "长宁区天山路8号402室",
        "dtAddress": "长宁区天山路8号",
        "x": "-8934.70",
        "y": "-1916.4870",
        "zckjName": "上海泓智信息科技有限公司"
    },
    {
        "isChangning": "是",
        "addressType": "人工智能企业",
        "sid": "AI48",
        "xsAddress": "长宁区通协路268号4楼",
        "dtAddress": "长宁区通协路268号",
        "x": "-10802.3850",
        "y": "-834.8480",
        "zckjName": "如东信息技术服务（上海）有限公司"
    },
    {
        "isChangning": "是",
        "addressType": "人工智能企业",
        "sid": "AI49",
        "xsAddress": "长宁区万航渡路2170号3楼D1座",
        "dtAddress": "长宁区万航渡路2170号",
        "x": "-5922.5940",
        "y": "-1267.9990",
        "zckjName": "上海飞来飞去新媒体展示设计有限公司"
    },
    {
        "isChangning": "是",
        "addressType": "人工智能企业",
        "sid": "AI50",
        "xsAddress": "长宁区威宁路369号",
        "dtAddress": "长宁区威宁路369号",
        "x": "-7992.2490",
        "y": "-2277.1120",
        "zckjName": "绿地深兰机器人科技有限公司"
    },
    {
        "isChangning": "是",
        "addressType": "人工智能企业",
        "sid": "AI51",
        "xsAddress": "长宁区威宁路369号",
        "dtAddress": "长宁区威宁路369号",
        "x": "-7992.2490",
        "y": "-2277.1120",
        "zckjName": "绿地深兰建筑科技有限公司"
    },
    {
        "isChangning": "是",
        "addressType": "人工智能企业",
        "sid": "AI52",
        "xsAddress": "长宁区仙霞路322号鑫达大厦2104室",
        "dtAddress": "长宁区仙霞路322号",
        "x": "-6953.49",
        "y": "-3102.60",
        "zckjName": "上海久茂国际物流有限公司"
    },
    {
        "isChangning": "是",
        "addressType": "人工智能企业",
        "sid": "AI53",
        "xsAddress": "上海市长宁区仙霞路350号",
        "dtAddress": "上海市长宁区仙霞路350号",
        "x": "-7128.9340",
        "y": "-3088.2090",
        "zckjName": "上海优望信息科技有限公司"
    },
    {
        "isChangning": "是",
        "addressType": "人工智能企业",
        "sid": "AI54",
        "xsAddress": "长宁区协和路787号A楼北幢3层",
        "dtAddress": "长宁区协和路787号",
        "x": "-11062.0520",
        "y": "-1832.7050",
        "zckjName": "上海合胜计算机科技股份有限公司"
    },
    {
        "isChangning": "是",
        "addressType": "人工智能企业",
        "sid": "AI55",
        "xsAddress": "长宁区协和路787号A南3楼",
        "dtAddress": "长宁区协和路787号",
        "x": "-11062.0520",
        "y": "-1832.7050",
        "zckjName": "上海溢德行工业科技有限公司"
    },
    {
        "isChangning": "是",
        "addressType": "人工智能企业",
        "sid": "AI56",
        "xsAddress": "长宁区协和路787号D南楼4楼",
        "dtAddress": "长宁区协和路787号",
        "x": "-11062.0520",
        "y": "-1832.7050",
        "zckjName": "上海安捷力信息系统有限公司"
    },
    {
        "isChangning": "是",
        "addressType": "人工智能企业",
        "sid": "AI57",
        "xsAddress": "长宁区新华路365弄7号楼",
        "dtAddress": "长宁区新华路365弄7号楼",
        "x": "-4408.8330",
        "y": "-3368.7480",
        "zckjName": "上海谋乐网络科技有限公司"
    },
    {
        "isChangning": "是",
        "addressType": "人工智能企业",
        "sid": "AI58",
        "xsAddress": "长宁区新华路660号B座305室",
        "dtAddress": "长宁区新华路660号B座",
        "x": "-4885.09",
        "y": "-3146.3320",
        "zckjName": "实视信息技术（上海）有限公司"
    },
    {
        "isChangning": "是",
        "addressType": "人工智能企业",
        "sid": "AI59",
        "xsAddress": "长宁区延安西路1612号2楼",
        "dtAddress": "长宁区延安西路1612号",
        "x": "-5005.30",
        "y": "-2802.1850",
        "zckjName": "益倍嘉机器人（上海）有限公司"
    },
    {
        "isChangning": "是",
        "addressType": "人工智能企业",
        "sid": "AI60",
        "xsAddress": "长宁区延安西路728号7楼J座",
        "dtAddress": "长宁区延安西路728号",
        "x": "-3611.6620",
        "y": "-2034.1960",
        "zckjName": "浩德科技股份有限公司"
    },
    {
        "isChangning": "是",
        "addressType": "人工智能企业",
        "sid": "AI61",
        "xsAddress": "长宁区长宁路1033号906室",
        "dtAddress": "长宁区长宁路1033号",
        "x": "-5216.5690",
        "y": "-1742.1570",
        "zckjName": "化身科技（上海）有限公司"
    },
    {
        "isChangning": "是",
        "addressType": "人工智能企业",
        "sid": "AI62",
        "xsAddress": "长宁区长宁路1200号415室",
        "dtAddress": "长宁区长宁路1200号",
        "x": "-5520.4260",
        "y": "-1735.5880",
        "zckjName": "上海传音信息科技有限公司"
    },
    {
        "isChangning": "是",
        "addressType": "人工智能企业",
        "sid": "AI63",
        "xsAddress": "长宁区长宁路855号10楼C座",
        "dtAddress": "长宁区长宁路855号",
        "x": "-4904.36",
        "y": "-1659.2170",
        "zckjName": "上海富基信息科技有限公司"
    },
    {
        "isChangning": "是",
        "addressType": "人工智能企业",
        "sid": "AI64",
        "xsAddress": "长宁区长宁路855号9B室",
        "dtAddress": "长宁区长宁路855号",
        "x": "-4904.36",
        "y": "-1659.2170",
        "zckjName": "上海东峻信息科技有限公司"
    },
    {
        "isChangning": "是",
        "addressType": "人工智能企业",
        "sid": "AI65",
        "xsAddress": "长宁区长宁路865号5号楼713室",
        "dtAddress": "长宁区长宁路865号5号楼",
        "x": "-4928.50",
        "y": "-1659.41",
        "zckjName": "上海新微科技集团有限公司"
    },
    {
        "isChangning": "是",
        "addressType": "人工智能企业",
        "sid": "AI66",
        "xsAddress": "长宁区长顺路33号8幢1层",
        "dtAddress": "长宁区长顺路33号8幢",
        "x": "-5162.4180",
        "y": "-3841.6620",
        "zckjName": "上海红星美凯龙悦家互联网科技有限公司"
    },
    {
        "isChangning": "是",
        "addressType": "人工智能企业",
        "sid": "AI67",
        "xsAddress": "长宁区中山西路179号3B室",
        "dtAddress": "长宁区中山西路179号",
        "x": "-5794.5070",
        "y": "-1528.57",
        "zckjName": "上海熙达食品有限公司"
    },
    {
        "isChangning": "是",
        "addressType": "人工智能企业",
        "sid": "AI68",
        "xsAddress": "长宁区中山西路179号12楼",
        "dtAddress": "长宁区中山西路179号",
        "x": "-5794.5070",
        "y": "-1528.57",
        "zckjName": "上海爱圆信息技术有限公司"
    },
    {
        "isChangning": "是",
        "addressType": "人工智能企业",
        "sid": "AI69",
        "xsAddress": "长宁区紫云路421号SOHO天山广场T1-602",
        "dtAddress": "长宁区紫云路421号SOHO天山广场",
        "x": "-5967.1610",
        "y": "-2784.58",
        "zckjName": "上海小蓦智能科技有限公司"
    },
    {
        "isChangning": "是",
        "addressType": "人工智能企业",
        "sid": "AI70",
        "xsAddress": "中山西路829号尚创汇3楼",
        "dtAddress": "中山西路829号尚创汇3楼",
        "x": "-5653.2380",
        "y": "-3141.6750",
        "zckjName": "上海骧远信息科技有限公司"
    },
    {
        "isChangning": "否",
        "addressType": "人工智能企业",
        "zcAddress": "上海市长宁区长宁路999号6楼6169室",
        "sid": "AI71",
        "xsAddress": "桂平路680号",
        "dtAddress": "上海市长宁区长宁路999号",
        "xsAddress2": "桂平路680号33栋5层",
        "x": "-5082.4410",
        "y": "-1722.3010",
        "zckjName": "上海无学网络科技有限公司"
    },
    {
        "isChangning": "否",
        "addressType": "人工智能企业",
        "zcAddress": "上海市长宁区广顺路33号8幢196室",
        "sid": "AI72",
        "xsAddress": "河南南路489号",
        "dtAddress": "上海市长宁区广顺路33号",
        "xsAddress2": "河南南路489号1304室",
        "x": "-11300.01",
        "y": "-1852.4370",
        "zckjName": "云迹创意设计（上海）有限公司"
    },
    {
        "isChangning": "否",
        "addressType": "人工智能企业",
        "zcAddress": "上海市长宁区协和路1158号811-66室",
        "sid": "AI73",
        "xsAddress": "虹口区武进路456号",
        "dtAddress": "上海市长宁区协和路1158号",
        "xsAddress2": "虹口区武进路456号2幢10楼",
        "x": "-11189.4570",
        "y": "-1009.6790",
        "zckjName": "上海捷租网络科技有限公司"
    },
    {
        "isChangning": "否",
        "addressType": "人工智能企业",
        "zcAddress": "上海市长宁区安化路492号A座(1幢)126室A004",
        "sid": "AI74",
        "xsAddress": "黄埔区中山东二路88号",
        "dtAddress": "上海市长宁区安化路492号A座(1幢)",
        "xsAddress2": "黄埔区中山东二路88号G座2层",
        "x": "-4912.4110",
        "y": "-2029.3290",
        "zckjName": "上海氪信信息技术有限公司"
    },
    {
        "isChangning": "否",
        "addressType": "人工智能企业",
        "zcAddress": "上海市长宁区威宁路470号1113室",
        "sid": "AI75",
        "xsAddress": "黄浦区延安东路618号",
        "dtAddress": "上海市长宁区威宁路470号",
        "xsAddress2": "黄浦区延安东路618号远洋商业大厦二期2173",
        "x": "-8172.6320",
        "y": "-1871.68",
        "zckjName": "沐遥科技（上海）有限公司"
    },
    {
        "isChangning": "否",
        "addressType": "人工智能企业",
        "zcAddress": "上海市长宁区广顺路33号8幢284室",
        "sid": "AI76",
        "xsAddress": "黄浦区建国中路25号",
        "dtAddress": "上海市长宁区广顺路33号",
        "xsAddress2": "黄浦区建国中路25号9楼9507室",
        "x": "-11300.01",
        "y": "-1852.4370",
        "zckjName": "上海时元互联网科技有限公司"
    },
    {
        "isChangning": "否",
        "addressType": "人工智能企业",
        "zcAddress": "上海市长宁区仙霞路350号3幢5107室",
        "sid": "AI77",
        "xsAddress": "嘉定区金沙江西路568号",
        "dtAddress": "上海市长宁区仙霞路350号",
        "xsAddress2": "嘉定区金沙江西路568号B栋302室",
        "x": "-7128.9340",
        "y": "-3088.2090",
        "zckjName": "上海分尚网络科技有限公司"
    },
    {
        "isChangning": "否",
        "addressType": "人工智能企业",
        "zcAddress": "上海市长宁区金钟路658弄17号乙三层3148室",
        "sid": "AI78",
        "xsAddress": "金钟路658东华大学科技园1号楼B座504",
        "dtAddress": "上海市长宁区金钟路658弄17号乙",
        "xsAddress2": "金钟路658东华大学科技园1号楼B座504",
        "x": "-10796.40",
        "y": "-1196.6910",
        "zckjName": "上海爱问网络科技有限公司"
    },
    {
        "isChangning": "否",
        "addressType": "人工智能企业",
        "zcAddress": "上海市长宁区金钟路767弄3号1楼",
        "sid": "AI79",
        "xsAddress": "金钟路767弄3号",
        "dtAddress": "上海市长宁区金钟路767弄3号",
        "xsAddress2": "金钟路767弄3号1楼",
        "x": "-11031.9480",
        "y": "-1520.7430",
        "zckjName": "芯颖科技有限公司"
    },
    {
        "isChangning": "否",
        "addressType": "人工智能企业",
        "zcAddress": "上海市长宁区哈密路1955号5F-694室",
        "sid": "AI80",
        "xsAddress": "静安区青海路118号",
        "dtAddress": "上海市长宁区哈密路1955号",
        "xsAddress2": "静安区青海路118号云海苑办公楼12F",
        "x": "-9837.01",
        "y": "-4309.7350",
        "zckjName": "上海伟道物联网有限公司"
    },
    {
        "isChangning": "否",
        "addressType": "人工智能企业",
        "zcAddress": "上海市长宁区长宁路999号6楼6159室",
        "sid": "AI81",
        "xsAddress": "静安区万荣路777号",
        "dtAddress": "上海市长宁区长宁路999号",
        "xsAddress2": "静安区万荣路777号B座5楼",
        "x": "-5082.4410",
        "y": "-1722.3010",
        "zckjName": "哦加哦网络科技（上海）有限公司"
    },
    {
        "isChangning": "否",
        "addressType": "人工智能企业",
        "zcAddress": "上海市长宁区临虹路128弄5号409室",
        "sid": "AI82",
        "xsAddress": "马当路388号",
        "dtAddress": "上海市长宁区临虹路128弄5号",
        "xsAddress2": "马当路388号A座505室",
        "x": "-11202.8770",
        "y": "-274.3240",
        "zckjName": "上海拿努网络科技有限公司"
    },
    {
        "isChangning": "否",
        "addressType": "人工智能企业",
        "zcAddress": "上海市长宁区镇宁路465弄161号3号楼249室",
        "sid": "AI83",
        "xsAddress": "闵行区号文路111号",
        "dtAddress": "上海市长宁区镇宁路465弄161号3号楼",
        "xsAddress2": "闵行区号文路111号T5栋403室",
        "XnoChangning": -11034.575819151589,
        "YnoChangning": -8235.648064153238,
        "x": "-3453.4150",
        "y": "-1176.0630",
        "zckjName": "上海霖罕信息科技有限公司"
    },
    {
        "isChangning": "否",
        "addressType": "人工智能企业",
        "zcAddress": "上海市长宁区广顺路33号8幢1层1706室",
        "sid": "AI84",
        "xsAddress": "闵行区申长路1398弄1-4号阿里中心T2栋3楼",
        "dtAddress": "上海市长宁区广顺路33号",
        "xsAddress2": "闵行区申长路1398弄1-4号阿里中心T2栋3楼",
        "x": "-11300.01",
        "y": "-1852.4370",
        "zckjName": "上海艺赛旗软件股份有限公司"
    },
    {
        "isChangning": "否",
        "addressType": "人工智能企业",
        "zcAddress": "上海市长宁区天山路600弄4号13B座22室",
        "sid": "AI85",
        "xsAddress": "闵行区宜山路2016号合川大厦1号楼",
        "dtAddress": "上海市长宁区天山路600弄4号",
        "xsAddress2": "闵行区宜山路2016号合川大厦1号楼",
        "x": "-7171.7070",
        "y": "-2266.9630",
        "zckjName": "上海朔茂信息科技有限公司"
    },
    {
        "isChangning": "否",
        "addressType": "人工智能企业",
        "zcAddress": "上海市长宁区广顺路33号8幢1层1446室",
        "sid": "AI86",
        "xsAddress": "浦东新区碧波路690号",
        "dtAddress": "上海市长宁区广顺路33号",
        "xsAddress2": "浦东新区碧波路690号1号楼401室",
        "x": "-11300.01",
        "y": "-1852.4370",
        "zckjName": "幻想动力（上海）文化传播有限公司"
    },
    {
        "isChangning": "否",
        "addressType": "人工智能企业",
        "zcAddress": "上海市长宁区广顺路33号3幢301室",
        "sid": "AI87",
        "xsAddress": "浦东新区峨山路91弄20号陆家嘴软件园9号楼南楼9楼",
        "dtAddress": "上海市长宁区广顺路33号",
        "xsAddress2": "浦东新区峨山路91弄20号陆家嘴软件园9号楼南楼9楼",
        "x": "-11300.01",
        "y": "-1852.4370",
        "zckjName": "上海有色网信息科技股份有限公司"
    },
    {
        "isChangning": "否",
        "addressType": "人工智能企业",
        "zcAddress": "上海市长宁区长宁路999号6108室",
        "sid": "AI88",
        "xsAddress": "浦东新区福山路33号建工大厦24层",
        "dtAddress": "上海市长宁区长宁路999号",
        "xsAddress2": "浦东新区福山路33号建工大厦24层",
        "x": "-5082.4410",
        "y": "-1722.3010",
        "zckjName": "上海华合电力科技有限公司"
    },
    {
        "isChangning": "否",
        "addressType": "人工智能企业",
        "zcAddress": "上海市长宁区长宁路999号6楼6140室",
        "sid": "AI89",
        "xsAddress": "浦东新区福山路33号建工大厦24层",
        "dtAddress": "上海市长宁区长宁路999号",
        "xsAddress2": "浦东新区福山路33号建工大厦24层",
        "x": "-5082.4410",
        "y": "-1722.3010",
        "zckjName": "上海简维软件科技有限公司"
    },
    {
        "isChangning": "否",
        "addressType": "人工智能企业",
        "zcAddress": "上海市长宁区伊犁路152号2幢201-203室",
        "sid": "AI90",
        "xsAddress": "浦东新区金科路2555号C栋",
        "dtAddress": "上海市长宁区伊犁路152号2幢",
        "xsAddress2": "浦东新区金科路2555号C栋",
        "x": "-6047.9020",
        "y": "-3486.6790",
        "zckjName": "开店宝支付服务有限公司"
    },
    {
        "isChangning": "否",
        "addressType": "人工智能企业",
        "zcAddress": "上海市长宁区广顺路33号H幢3-4F",
        "sid": "AI91",
        "xsAddress": "浦东新区锦绣东路2777弄11号楼5楼",
        "dtAddress": "上海市长宁区广顺路33号",
        "xsAddress2": "浦东新区锦绣东路2777弄11号楼5楼",
        "x": "-11300.01",
        "y": "-1852.4370",
        "zckjName": "上海华虹计通智能系统股份有限公司"
    },
    {
        "isChangning": "否",
        "addressType": "人工智能企业",
        "zcAddress": "上海市长宁区长宁路999号6楼6247室",
        "sid": "AI92",
        "xsAddress": "浦东新区盛夏路666号",
        "dtAddress": "上海市长宁区长宁路999号",
        "xsAddress2": "浦东新区盛夏路666号A栋2楼",
        "x": "-5082.4410",
        "y": "-1722.3010",
        "zckjName": "上海飞叶机器人科技有限公司"
    },
    {
        "isChangning": "否",
        "addressType": "人工智能企业",
        "zcAddress": "上海市长宁区长宁路999号6楼6166室",
        "sid": "AI93",
        "xsAddress": "浦东新区秀浦路3500号",
        "dtAddress": "上海市长宁区长宁路999号",
        "xsAddress2": "浦东新区秀浦路3500号",
        "x": "-5082.4410",
        "y": "-1722.3010",
        "zckjName": "上海睿流智能科技有限公司"
    },
    {
        "isChangning": "否",
        "addressType": "人工智能企业",
        "zcAddress": "上海市长宁区天山路600弄4号13B座34室",
        "sid": "AI94",
        "xsAddress": "浦东新区祖冲之路2305号B座",
        "dtAddress": "上海市长宁区天山路600弄4号",
        "xsAddress2": "浦东新区祖冲之路2305号B座",
        "x": "-7171.7070",
        "y": "-2266.9630",
        "zckjName": "上海巽骑骥网络科技有限公司"
    },
    {
        "isChangning": "否",
        "addressType": "人工智能企业",
        "zcAddress": "上海市长宁区仙霞路350号3号楼4306室",
        "sid": "AI95",
        "xsAddress": "钦州路100号1号楼709室",
        "dtAddress": "上海市长宁区仙霞路350号",
        "xsAddress2": "钦州路100号1号楼709室",
        "x": "-7128.9340",
        "y": "-3088.2090",
        "zckjName": "上海软中信息技术有限公司"
    },
    {
        "isChangning": "否",
        "addressType": "人工智能企业",
        "zcAddress": "上海市长宁区仙霞路350号1幢楼1楼262室",
        "sid": "AI96",
        "xsAddress": "松江区九亭大街403弄22号501室",
        "dtAddress": "上海市长宁区仙霞路350号",
        "xsAddress2": "松江区九亭大街403弄22号501室",
        "x": "-7128.9340",
        "y": "-3088.2090",
        "zckjName": "上海惠术医疗科技发展有限公司"
    },
    {
        "isChangning": "否",
        "addressType": "人工智能企业",
        "zcAddress": "上海市长宁区仙霞路1225弄106号301室-33",
        "sid": "AI97",
        "xsAddress": "吴中路52号2楼",
        "dtAddress": "上海市长宁区仙霞路1225弄106号",
        "xsAddress2": "吴中路52号2楼",
        "x": "-9312.93",
        "y": "-2709.0210",
        "zckjName": "北盾（上海）智能科技有限公司"
    },
    {
        "isChangning": "否",
        "addressType": "人工智能企业",
        "zcAddress": "上海市长宁区天山路641号19幢(1号楼)501G室",
        "sid": "AI98",
        "xsAddress": "徐汇区桂平路391号A栋2502室",
        "dtAddress": "上海市长宁区天山路641号",
        "xsAddress2": "徐汇区桂平路391号A栋2502室",
        "x": "-7341.0880",
        "y": "-2271.6810",
        "zckjName": "上海思创华信信息技术有限公司"
    },
    {
        "isChangning": "否",
        "addressType": "人工智能企业",
        "zcAddress": "上海市长宁区天山路641号21幢(3号楼)215室",
        "sid": "AI99",
        "xsAddress": "徐汇区虹梅路1905号503室",
        "dtAddress": "上海市长宁区天山路641号",
        "xsAddress2": "徐汇区虹梅路1905号503室",
        "x": "-7341.0880",
        "y": "-2271.6810",
        "zckjName": "上海宏时数据系统有限公司"
    },
    {
        "isChangning": "否",
        "addressType": "人工智能企业",
        "zcAddress": "上海市长宁区仙霞路350号10幢265室",
        "sid": "AI100",
        "xsAddress": "徐汇区建国西路285号1101室",
        "dtAddress": "上海市长宁区仙霞路350号",
        "xsAddress2": "徐汇区建国西路285号1101室",
        "x": "-7128.9340",
        "y": "-3088.2090",
        "zckjName": "上海经达信息科技股份有限公司"
    },
    {
        "isChangning": "否",
        "addressType": "人工智能企业",
        "zcAddress": "上海市长宁区定西路650号6353室",
        "sid": "AI101",
        "xsAddress": "徐汇区田林路192号",
        "dtAddress": "上海市长宁区定西路650号",
        "xsAddress2": "徐汇区田林路192号华鑫科技园J座2楼",
        "x": "-4554.7380",
        "y": "-3050.1630",
        "zckjName": "上海岂安信息科技有限公司"
    },
    {
        "isChangning": "否",
        "addressType": "人工智能企业",
        "zcAddress": "上海市长宁区天山西路120号1316室",
        "sid": "AI102",
        "xsAddress": "徐汇区宛平南路75号建科大厦23楼",
        "dtAddress": "上海市长宁区天山西路120号",
        "xsAddress2": "徐汇区宛平南路75号建科大厦23楼",
        "x": "-9362.1070",
        "y": "-1830.8070",
        "zckjName": "上海南洋万邦软件技术有限公司"
    },
    {
        "isChangning": "否",
        "addressType": "人工智能企业",
        "zcAddress": "上海市长宁区仙霞路350号10幢1083室",
        "sid": "AI103",
        "xsAddress": "杨浦区隆昌路619号1楼",
        "dtAddress": "上海市长宁区仙霞路350号",
        "xsAddress2": "杨浦区隆昌路619号1楼",
        "x": "-7128.9340",
        "y": "-3088.2090",
        "zckjName": "豆朋教育科技（上海）有限公司"
    },
    {
        "isChangning": "否",
        "addressType": "人工智能企业",
        "zcAddress": "上海市长宁区仙霞路350号3幢5楼511室",
        "sid": "AI104",
        "xsAddress": "杨浦区长阳路1687号1号楼1403室",
        "dtAddress": "上海市长宁区仙霞路350号",
        "xsAddress2": "杨浦区长阳路1687号1号楼1403室",
        "x": "-7128.9340",
        "y": "-3088.2090",
        "zckjName": "上海跃橙文化传播有限公司"
    },
    {
        "isChangning": "否",
        "addressType": "人工智能企业",
        "sid": "AI105",
        "xsAddress": "安西路100号",
        "dtAddress": "安西路100号",
        "xsAddress2": "安西路100号",
        "x": "-4426.2780",
        "y": "-1589.1910",
        "zckjName": "上海音智达信息技术有限公司"
    }
]